#
# There is insufficient memory for the Java Runtime Environment to continue.
# Native memory allocation (mmap) failed to map 553648128 bytes for G1 virtual space
# Possible reasons:
#   The system is out of physical RAM or swap space
#   The process is running with CompressedOops enabled, and the Java Heap may be blocking the growth of the native heap
# Possible solutions:
#   Reduce memory load on the system
#   Increase physical memory or swap space
#   Check if swap backing store is full
#   Decrease Java heap size (-Xmx/-Xms)
#   Decrease number of Java threads
#   Decrease Java thread stack sizes (-Xss)
#   Set larger code cache with -XX:ReservedCodeCacheSize=
#   JVM is running with Zero Based Compressed Oops mode in which the Java heap is
#     placed in the first 32GB address space. The Java Heap base address is the
#     maximum limit for the native heap growth. Please use -XX:HeapBaseMinAddress
#     to set the Java Heap base and to place the Java Heap above 32GB virtual address.
# This output file may be truncated or incomplete.
#
#  Out of Memory Error (os_windows.cpp:3548), pid=30056, tid=4792
#
# JRE version: Java(TM) SE Runtime Environment (17.0.12+8) (build 17.0.12+8-LTS-286)
# Java VM: Java HotSpot(TM) 64-Bit Server VM (17.0.12+8-LTS-286, mixed mode, sharing, tiered, compressed oops, compressed class ptrs, g1 gc, windows-amd64)
# No core dump will be written. Minidumps are not enabled by default on client versions of Windows
#

---------------  S U M M A R Y ------------

Command Line: --add-opens=java.base/java.lang=ALL-UNNAMED --add-opens=java.base/java.lang.invoke=ALL-UNNAMED --add-opens=java.base/java.util=ALL-UNNAMED --add-opens=java.prefs/java.util.prefs=ALL-UNNAMED --add-exports=jdk.compiler/com.sun.tools.javac.api=ALL-UNNAMED --add-exports=jdk.compiler/com.sun.tools.javac.util=ALL-UNNAMED --add-opens=java.base/java.util=ALL-UNNAMED --add-opens=java.prefs/java.util.prefs=ALL-UNNAMED --add-opens=java.base/java.nio.charset=ALL-UNNAMED --add-opens=java.base/java.net=ALL-UNNAMED --add-opens=java.base/java.util.concurrent.atomic=ALL-UNNAMED --add-opens=java.xml/javax.xml.namespace=ALL-UNNAMED -XX:MaxMetaspaceSize=4G -XX:ReservedCodeCacheSize=512m -XX:+HeapDumpOnOutOfMemoryError -Xmx8G -Dfile.encoding=UTF-8 -Duser.country=CO -Duser.language=es -Duser.variant -javaagent:C:\Users\andre\.gradle\wrapper\dists\gradle-8.12-all\ejduaidbjup3bmmkhw3rie4zb\gradle-8.12\lib\agents\gradle-instrumentation-agent-8.12.jar org.gradle.launcher.daemon.bootstrap.GradleDaemon 8.12

Host: AMD Ryzen 5 5500U with Radeon Graphics         , 12 cores, 7G,  Windows 11 , 64 bit Build 26100 (10.0.26100.6725)
Time: Thu Oct 23 02:53:15 2025 Hora est. Pacífico, Sudamérica elapsed time: 331.857654 seconds (0d 0h 5m 31s)

---------------  T H R E A D  ---------------

Current thread (0x000001ad4e880dc0):  VMThread "VM Thread" [stack: 0x000000468d900000,0x000000468da00000] [id=4792]

Stack: [0x000000468d900000,0x000000468da00000]
Native frames: (J=compiled Java code, j=interpreted, Vv=VM code, C=native code)
V  [jvm.dll+0x67a04a]
V  [jvm.dll+0x7da4ed]
V  [jvm.dll+0x7dbe33]
V  [jvm.dll+0x7dc4a3]
V  [jvm.dll+0x24508f]
V  [jvm.dll+0x677089]
V  [jvm.dll+0x66bd32]
V  [jvm.dll+0x301fa6]
V  [jvm.dll+0x309546]
V  [jvm.dll+0x359d2e]
V  [jvm.dll+0x359f5f]
V  [jvm.dll+0x2d9078]
V  [jvm.dll+0x2d74ad]
V  [jvm.dll+0x2d6afc]
V  [jvm.dll+0x31a65b]
V  [jvm.dll+0x7e0d9b]
V  [jvm.dll+0x7e1ad4]
V  [jvm.dll+0x7e1fed]
V  [jvm.dll+0x7e23c4]
V  [jvm.dll+0x7e2490]
V  [jvm.dll+0x78abea]
V  [jvm.dll+0x678f35]
C  [ucrtbase.dll+0x37b0]
C  [KERNEL32.DLL+0x2e8d7]
C  [ntdll.dll+0x8c53c]

VM_Operation (0x000000468f5f7cc0): G1CollectForAllocation, mode: safepoint, requested by thread 0x000001ad95974070


---------------  P R O C E S S  ---------------

Threads class SMR info:
_java_thread_list=0x000001adae521ac0, length=134, elements={
0x000001ad1167aae0, 0x000001ad4e882300, 0x000001ad4e882bd0, 0x000001ad4e8997f0,
0x000001ad4e89a0c0, 0x000001ad4e89a990, 0x000001ad4e89b260, 0x000001ad4e89be60,
0x000001ad4e89c770, 0x000001ad4f471b00, 0x000001ad4e8705b0, 0x000001ad4f6672a0,
0x000001ad95fdd410, 0x000001ad96498a90, 0x000001ad953abe30, 0x000001ad95a16900,
0x000001ad95974070, 0x000001ad959759c0, 0x000001ad95975ed0, 0x000001ad959763e0,
0x000001ad968fb940, 0x000001ad968f86a0, 0x000001ad968f9ae0, 0x000001ad968f90c0,
0x000001ad968fc360, 0x000001ad968f95d0, 0x000001ad968f9ff0, 0x000001ad968faa10,
0x000001ad968ffb10, 0x000001ad96900020, 0x000001ad968fc870, 0x000001ad968ff0f0,
0x000001ad98363980, 0x000001ad9aa6c2a0, 0x000001ad997e0080, 0x000001ad997e0590,
0x000001ad997e2900, 0x000001ad997e19d0, 0x000001ad9b03b9b0, 0x000001ad9b03c3d0,
0x000001ad9b03c8e0, 0x000001ad9b03aa80, 0x000001ad9b03d300, 0x000001ad9b03cdf0,
0x000001ad9b03d810, 0x000001ad9b03af90, 0x000001ad9b03bec0, 0x000001ad9b03a060,
0x000001ad9b03dd20, 0x000001ad9b03a570, 0x000001ad9b040ab0, 0x000001ad9b040fc0,
0x000001ad9b03fb80, 0x000001ad9b0414d0, 0x000001ad9b03f160, 0x000001ad9b040090,
0x000001ad9b0419e0, 0x000001ad9b03e230, 0x000001ad9b03f670, 0x000001ad9b03e740,
0x000001ad9b03ec50, 0x000001ad983648b0, 0x000001ad983652d0, 0x000001ad983657e0,
0x000001ad98362030, 0x000001ad98364dc0, 0x000001ad98362f60, 0x000001ad98366c20,
0x000001ad98366200, 0x000001ad98363470, 0x000001ad98363e90, 0x000001ad98367130,
0x000001ad98367640, 0x000001ad983643a0, 0x000001ad98368570, 0x000001ad98368a80,
0x000001ad983694a0, 0x000001ad98f451d0, 0x000001ad98f47030, 0x000001ad98f47540,
0x000001ad98f44cc0, 0x000001ad98f46100, 0x000001ad98f43d90, 0x000001ad98f456e0,
0x000001ad98f447b0, 0x000001ad98f46b20, 0x000001ad98f47a50, 0x000001ad98f498b0,
0x000001ad98f46610, 0x000001ad98f4a7e0, 0x000001ad997df150, 0x000001ad997de730,
0x000001ad997dec40, 0x000001ad997df660, 0x000001ad997dc3c0, 0x000001ad997e0fb0,
0x000001ad997e23f0, 0x000001ad997e14c0, 0x000001ad997e2e10, 0x000001ad997e3d40,
0x000001ad997e3320, 0x000001ad997e0aa0, 0x000001ad997e3830, 0x000001ad9aa6c7b0,
0x000001ad9aa6ae60, 0x000001ad9aa69000, 0x000001ad9aa6e610, 0x000001ad9aa6d6e0,
0x000001ad9aa6dbf0, 0x000001ad9aa6f030, 0x000001ada79e4580, 0x000001ad9aa6f540,
0x000001ad9aa6ccc0, 0x000001ad9aa6e100, 0x000001ad9aa6eb20, 0x000001ad9aa6fa50,
0x000001ad95976e00, 0x000001ad95974a90, 0x000001ad95977310, 0x000001ad95977820,
0x000001ad95974fa0, 0x000001ad959754b0, 0x000001ad968fcd80, 0x000001ad968fd7a0,
0x000001ad968fd290, 0x000001ad968fdcb0, 0x000001ad968fa500, 0x000001ada79e9a80,
0x000001ad968fe1c0, 0x000001ad997c4c70, 0x000001ad997c7a00, 0x000001ad997c8930,
0x000001ad97efd640, 0x000001ad97efe570
}

Java Threads: ( => current thread )
  0x000001ad1167aae0 JavaThread "main" [_thread_blocked, id=20512, stack(0x000000468d300000,0x000000468d400000)]
  0x000001ad4e882300 JavaThread "Reference Handler" daemon [_thread_blocked, id=13620, stack(0x000000468da00000,0x000000468db00000)]
  0x000001ad4e882bd0 JavaThread "Finalizer" daemon [_thread_blocked, id=29736, stack(0x000000468db00000,0x000000468dc00000)]
  0x000001ad4e8997f0 JavaThread "Signal Dispatcher" daemon [_thread_blocked, id=25964, stack(0x000000468dc00000,0x000000468dd00000)]
  0x000001ad4e89a0c0 JavaThread "Attach Listener" daemon [_thread_blocked, id=27708, stack(0x000000468dd00000,0x000000468de00000)]
  0x000001ad4e89a990 JavaThread "Service Thread" daemon [_thread_blocked, id=13436, stack(0x000000468de00000,0x000000468df00000)]
  0x000001ad4e89b260 JavaThread "Monitor Deflation Thread" daemon [_thread_blocked, id=15236, stack(0x000000468df00000,0x000000468e000000)]
  0x000001ad4e89be60 JavaThread "C2 CompilerThread0" daemon [_thread_blocked, id=10652, stack(0x000000468e000000,0x000000468e100000)]
  0x000001ad4e89c770 JavaThread "C1 CompilerThread0" daemon [_thread_blocked, id=24864, stack(0x000000468e100000,0x000000468e200000)]
  0x000001ad4f471b00 JavaThread "Sweeper thread" daemon [_thread_blocked, id=512, stack(0x000000468e200000,0x000000468e300000)]
  0x000001ad4e8705b0 JavaThread "Common-Cleaner" daemon [_thread_blocked, id=21656, stack(0x000000468e300000,0x000000468e400000)]
  0x000001ad4f6672a0 JavaThread "Notification Thread" daemon [_thread_blocked, id=19300, stack(0x000000468e400000,0x000000468e500000)]
  0x000001ad95fdd410 JavaThread "Daemon health stats" [_thread_blocked, id=25968, stack(0x000000468ea00000,0x000000468eb00000)]
  0x000001ad96498a90 JavaThread "Incoming local TCP Connector on port 57746" [_thread_in_native, id=16912, stack(0x000000468eb00000,0x000000468ec00000)]
  0x000001ad953abe30 JavaThread "Daemon periodic checks" [_thread_blocked, id=1460, stack(0x000000468f100000,0x000000468f200000)]
  0x000001ad95a16900 JavaThread "Daemon" [_thread_blocked, id=18684, stack(0x000000468f200000,0x000000468f300000)]
  0x000001ad95974070 JavaThread "Daemon worker" [_thread_blocked, id=9560, stack(0x000000468f500000,0x000000468f600000)]
  0x000001ad959759c0 JavaThread "Cache worker for journal cache (C:\Users\andre\.gradle\caches\journal-1)" [_thread_blocked, id=20704, stack(0x000000468f900000,0x000000468fa00000)]
  0x000001ad95975ed0 JavaThread "File lock request listener" [_thread_in_native, id=15164, stack(0x000000468fa00000,0x000000468fb00000)]
  0x000001ad959763e0 JavaThread "Cache worker for file hash cache (C:\Users\andre\.gradle\caches\8.12\fileHashes)" [_thread_blocked, id=16076, stack(0x000000468fb00000,0x000000468fc00000)]
  0x000001ad968fb940 JavaThread "File watcher server" daemon [_thread_in_native, id=5652, stack(0x0000004690000000,0x0000004690100000)]
  0x000001ad968f86a0 JavaThread "File watcher consumer" daemon [_thread_blocked, id=3632, stack(0x0000004690100000,0x0000004690200000)]
  0x000001ad968f9ae0 JavaThread "jar transforms" [_thread_blocked, id=13252, stack(0x0000004690200000,0x0000004690300000)]
  0x000001ad968f90c0 JavaThread "jar transforms Thread 2" [_thread_blocked, id=7720, stack(0x0000004690300000,0x0000004690400000)]
  0x000001ad968fc360 JavaThread "jar transforms Thread 3" [_thread_blocked, id=9312, stack(0x0000004690400000,0x0000004690500000)]
  0x000001ad968f95d0 JavaThread "jar transforms Thread 4" [_thread_blocked, id=1824, stack(0x0000004690500000,0x0000004690600000)]
  0x000001ad968f9ff0 JavaThread "jar transforms Thread 5" [_thread_blocked, id=17860, stack(0x0000004690700000,0x0000004690800000)]
  0x000001ad968faa10 JavaThread "Cache worker for file content cache (C:\Users\andre\.gradle\caches\8.12\fileContent)" [_thread_blocked, id=26600, stack(0x0000004690b00000,0x0000004690c00000)]
  0x000001ad968ffb10 JavaThread "jar transforms Thread 6" [_thread_blocked, id=14544, stack(0x0000004690c00000,0x0000004690d00000)]
  0x000001ad96900020 JavaThread "jar transforms Thread 7" [_thread_blocked, id=29100, stack(0x0000004690d00000,0x0000004690e00000)]
  0x000001ad968fc870 JavaThread "jar transforms Thread 8" [_thread_blocked, id=26776, stack(0x0000004690e00000,0x0000004690f00000)]
  0x000001ad968ff0f0 JavaThread "jar transforms Thread 9" [_thread_blocked, id=11140, stack(0x0000004690f00000,0x0000004691000000)]
  0x000001ad98363980 JavaThread "Memory manager" [_thread_blocked, id=28144, stack(0x0000004693400000,0x0000004693500000)]
  0x000001ad9aa6c2a0 JavaThread "jar transforms Thread 10" [_thread_blocked, id=23340, stack(0x0000004698c00000,0x0000004698d00000)]
  0x000001ad997e0080 JavaThread "jar transforms Thread 11" [_thread_blocked, id=4940, stack(0x0000004691200000,0x0000004691300000)]
  0x000001ad997e0590 JavaThread "jar transforms Thread 12" [_thread_blocked, id=11656, stack(0x0000004699d00000,0x0000004699e00000)]
  0x000001ad997e2900 JavaThread "pool-3-thread-1" [_thread_blocked, id=22548, stack(0x0000004691300000,0x0000004691400000)]
  0x000001ad997e19d0 JavaThread "included builds Thread 2" [_thread_blocked, id=20616, stack(0x000000469a000000,0x000000469a100000)]
  0x000001ad9b03b9b0 JavaThread "VFS cleanup" [_thread_blocked, id=1324, stack(0x000000468d000000,0x000000468d100000)]
  0x000001ad9b03c3d0 JavaThread "Handler for socket connection from /127.0.0.1:57746 to /127.0.0.1:60269" [_thread_in_native, id=15328, stack(0x000000468d200000,0x000000468d300000)]
  0x000001ad9b03c8e0 JavaThread "Cancel handler" [_thread_blocked, id=15404, stack(0x000000468f300000,0x000000468f400000)]
  0x000001ad9b03aa80 JavaThread "Asynchronous log dispatcher for DefaultDaemonConnection: socket connection from /127.0.0.1:57746 to /127.0.0.1:60269" [_thread_blocked, id=19056, stack(0x000000468f400000,0x000000468f500000)]
  0x000001ad9b03d300 JavaThread "Stdin handler" [_thread_blocked, id=27444, stack(0x000000468f600000,0x000000468f700000)]
  0x000001ad9b03cdf0 JavaThread "Daemon client event forwarder" [_thread_blocked, id=19736, stack(0x000000468f700000,0x000000468f800000)]
  0x000001ad9b03d810 JavaThread "Cache worker for file hash cache (C:\Users\andre\Desktop\proyecto_formativo\proyecto_agrotech\agrotech_mobile\android\.gradle\8.12\fileHashes)" [_thread_blocked, id=25236, stack(0x000000468f800000,0x000000468f900000)]
  0x000001ad9b03af90 JavaThread "Cache worker for Build Output Cleanup Cache (C:\Users\andre\Desktop\proyecto_formativo\proyecto_agrotech\agrotech_mobile\android\.gradle\buildOutputCleanup)" [_thread_blocked, id=20368, stack(0x000000468fc00000,0x000000468fd00000)]
  0x000001ad9b03bec0 JavaThread "Cache worker for checksums cache (C:\Users\andre\Desktop\proyecto_formativo\proyecto_agrotech\agrotech_mobile\android\.gradle\8.12\checksums)" [_thread_blocked, id=20436, stack(0x000000468fd00000,0x000000468fe00000)]
  0x000001ad9b03a060 JavaThread "Cache worker for cache directory md-rule (C:\Users\andre\.gradle\caches\8.12\md-rule)" [_thread_blocked, id=20584, stack(0x0000004690600000,0x0000004690700000)]
  0x000001ad9b03dd20 JavaThread "Cache worker for cache directory md-supplier (C:\Users\andre\.gradle\caches\8.12\md-supplier)" [_thread_blocked, id=26736, stack(0x0000004690a00000,0x0000004690b00000)]
  0x000001ad9b03a570 JavaThread "Cache worker for Build Output Cleanup Cache (C:\flutter\packages\flutter_tools\gradle\.gradle\buildOutputCleanup)" [_thread_blocked, id=9864, stack(0x0000004691000000,0x0000004691100000)]
  0x000001ad9b040ab0 JavaThread "Unconstrained build operations" [_thread_blocked, id=12284, stack(0x0000004691100000,0x0000004691200000)]
  0x000001ad9b040fc0 JavaThread "Unconstrained build operations Thread 2" [_thread_blocked, id=4008, stack(0x0000004691500000,0x0000004691600000)]
  0x000001ad9b03fb80 JavaThread "Unconstrained build operations Thread 3" [_thread_blocked, id=24900, stack(0x0000004691600000,0x0000004691700000)]
  0x000001ad9b0414d0 JavaThread "Unconstrained build operations Thread 4" [_thread_blocked, id=1548, stack(0x0000004691700000,0x0000004691800000)]
  0x000001ad9b03f160 JavaThread "Unconstrained build operations Thread 5" [_thread_blocked, id=25744, stack(0x0000004691800000,0x0000004691900000)]
  0x000001ad9b040090 JavaThread "Unconstrained build operations Thread 6" [_thread_blocked, id=8180, stack(0x0000004691900000,0x0000004691a00000)]
  0x000001ad9b0419e0 JavaThread "Unconstrained build operations Thread 7" [_thread_blocked, id=22236, stack(0x0000004691a00000,0x0000004691b00000)]
  0x000001ad9b03e230 JavaThread "Unconstrained build operations Thread 8" [_thread_blocked, id=15796, stack(0x0000004691b00000,0x0000004691c00000)]
  0x000001ad9b03f670 JavaThread "Unconstrained build operations Thread 9" [_thread_blocked, id=29272, stack(0x0000004691c00000,0x0000004691d00000)]
  0x000001ad9b03e740 JavaThread "Unconstrained build operations Thread 10" [_thread_blocked, id=25508, stack(0x0000004691d00000,0x0000004691e00000)]
  0x000001ad9b03ec50 JavaThread "Unconstrained build operations Thread 11" [_thread_blocked, id=8564, stack(0x0000004691e00000,0x0000004691f00000)]
  0x000001ad983648b0 JavaThread "Unconstrained build operations Thread 12" [_thread_blocked, id=4280, stack(0x0000004691f00000,0x0000004692000000)]
  0x000001ad983652d0 JavaThread "Unconstrained build operations Thread 13" [_thread_blocked, id=15580, stack(0x0000004692000000,0x0000004692100000)]
  0x000001ad983657e0 JavaThread "Unconstrained build operations Thread 14" [_thread_blocked, id=12208, stack(0x0000004692100000,0x0000004692200000)]
  0x000001ad98362030 JavaThread "Unconstrained build operations Thread 15" [_thread_blocked, id=1296, stack(0x0000004692200000,0x0000004692300000)]
  0x000001ad98364dc0 JavaThread "Unconstrained build operations Thread 16" [_thread_blocked, id=29264, stack(0x0000004692300000,0x0000004692400000)]
  0x000001ad98362f60 JavaThread "Unconstrained build operations Thread 17" [_thread_blocked, id=20632, stack(0x0000004692400000,0x0000004692500000)]
  0x000001ad98366c20 JavaThread "Unconstrained build operations Thread 18" [_thread_blocked, id=29280, stack(0x0000004692500000,0x0000004692600000)]
  0x000001ad98366200 JavaThread "Unconstrained build operations Thread 19" [_thread_blocked, id=30656, stack(0x0000004692600000,0x0000004692700000)]
  0x000001ad98363470 JavaThread "Unconstrained build operations Thread 20" [_thread_blocked, id=28348, stack(0x0000004692700000,0x0000004692800000)]
  0x000001ad98363e90 JavaThread "Unconstrained build operations Thread 21" [_thread_blocked, id=28484, stack(0x0000004692800000,0x0000004692900000)]
  0x000001ad98367130 JavaThread "Unconstrained build operations Thread 22" [_thread_blocked, id=24824, stack(0x0000004692900000,0x0000004692a00000)]
  0x000001ad98367640 JavaThread "build event listener" [_thread_blocked, id=13116, stack(0x0000004692a00000,0x0000004692b00000)]
  0x000001ad983643a0 JavaThread "included builds" [_thread_blocked, id=5508, stack(0x0000004692b00000,0x0000004692c00000)]
  0x000001ad98368570 JavaThread "Execution worker" [_thread_blocked, id=30644, stack(0x0000004692c00000,0x0000004692d00000)]
  0x000001ad98368a80 JavaThread "Execution worker Thread 2" [_thread_blocked, id=2560, stack(0x0000004692d00000,0x0000004692e00000)]
  0x000001ad983694a0 JavaThread "Execution worker Thread 3" [_thread_blocked, id=5828, stack(0x0000004692e00000,0x0000004692f00000)]
  0x000001ad98f451d0 JavaThread "Execution worker Thread 4" [_thread_blocked, id=21260, stack(0x0000004692f00000,0x0000004693000000)]
  0x000001ad98f47030 JavaThread "Execution worker Thread 5" [_thread_blocked, id=2304, stack(0x0000004693000000,0x0000004693100000)]
  0x000001ad98f47540 JavaThread "Execution worker Thread 6" [_thread_blocked, id=18764, stack(0x0000004693100000,0x0000004693200000)]
  0x000001ad98f44cc0 JavaThread "Execution worker Thread 7" [_thread_blocked, id=13736, stack(0x0000004693200000,0x0000004693300000)]
  0x000001ad98f46100 JavaThread "Execution worker Thread 8" [_thread_blocked, id=12540, stack(0x0000004693300000,0x0000004693400000)]
  0x000001ad98f43d90 JavaThread "Execution worker Thread 9" [_thread_blocked, id=19160, stack(0x0000004693500000,0x0000004693600000)]
  0x000001ad98f456e0 JavaThread "Execution worker Thread 10" [_thread_blocked, id=14408, stack(0x0000004693600000,0x0000004693700000)]
  0x000001ad98f447b0 JavaThread "Execution worker Thread 11" [_thread_blocked, id=31404, stack(0x0000004693700000,0x0000004693800000)]
  0x000001ad98f46b20 JavaThread "Cache worker for execution history cache (C:\flutter\packages\flutter_tools\gradle\.gradle\8.12\executionHistory)" [_thread_blocked, id=2932, stack(0x0000004693800000,0x0000004693900000)]
  0x000001ad98f47a50 JavaThread "Unconstrained build operations Thread 23" [_thread_blocked, id=1820, stack(0x0000004693900000,0x0000004693a00000)]
  0x000001ad98f498b0 JavaThread "Unconstrained build operations Thread 24" [_thread_blocked, id=20360, stack(0x0000004693a00000,0x0000004693b00000)]
  0x000001ad98f46610 JavaThread "Unconstrained build operations Thread 25" [_thread_blocked, id=28900, stack(0x0000004693b00000,0x0000004693c00000)]
  0x000001ad98f4a7e0 JavaThread "Unconstrained build operations Thread 26" [_thread_blocked, id=12072, stack(0x0000004693c00000,0x0000004693d00000)]
  0x000001ad997df150 JavaThread "Unconstrained build operations Thread 27" [_thread_blocked, id=3104, stack(0x0000004693d00000,0x0000004693e00000)]
  0x000001ad997de730 JavaThread "Unconstrained build operations Thread 28" [_thread_blocked, id=29996, stack(0x0000004693e00000,0x0000004693f00000)]
  0x000001ad997dec40 JavaThread "Unconstrained build operations Thread 29" [_thread_blocked, id=31088, stack(0x0000004693f00000,0x0000004694000000)]
  0x000001ad997df660 JavaThread "Unconstrained build operations Thread 30" [_thread_blocked, id=3744, stack(0x0000004694000000,0x0000004694100000)]
  0x000001ad997dc3c0 JavaThread "Unconstrained build operations Thread 31" [_thread_blocked, id=26516, stack(0x0000004694100000,0x0000004694200000)]
  0x000001ad997e0fb0 JavaThread "Unconstrained build operations Thread 32" [_thread_blocked, id=24324, stack(0x0000004694200000,0x0000004694300000)]
  0x000001ad997e23f0 JavaThread "Unconstrained build operations Thread 33" [_thread_blocked, id=24816, stack(0x0000004694300000,0x0000004694400000)]
  0x000001ad997e14c0 JavaThread "Unconstrained build operations Thread 34" [_thread_blocked, id=19200, stack(0x0000004694400000,0x0000004694500000)]
  0x000001ad997e2e10 JavaThread "Unconstrained build operations Thread 35" [_thread_blocked, id=19240, stack(0x0000004694500000,0x0000004694600000)]
  0x000001ad997e3d40 JavaThread "Unconstrained build operations Thread 36" [_thread_blocked, id=21792, stack(0x0000004694600000,0x0000004694700000)]
  0x000001ad997e3320 JavaThread "Unconstrained build operations Thread 37" [_thread_blocked, id=20608, stack(0x0000004694700000,0x0000004694800000)]
  0x000001ad997e0aa0 JavaThread "Unconstrained build operations Thread 38" [_thread_blocked, id=21508, stack(0x0000004694800000,0x0000004694900000)]
  0x000001ad997e3830 JavaThread "Unconstrained build operations Thread 39" [_thread_blocked, id=29364, stack(0x0000004694900000,0x0000004694a00000)]
  0x000001ad9aa6c7b0 JavaThread "Unconstrained build operations Thread 40" [_thread_blocked, id=11620, stack(0x0000004694a00000,0x0000004694b00000)]
  0x000001ad9aa6ae60 JavaThread "Unconstrained build operations Thread 41" [_thread_blocked, id=24804, stack(0x0000004694b00000,0x0000004694c00000)]
  0x000001ad9aa69000 JavaThread "Unconstrained build operations Thread 42" [_thread_blocked, id=29260, stack(0x0000004694c00000,0x0000004694d00000)]
  0x000001ad9aa6e610 JavaThread "Unconstrained build operations Thread 43" [_thread_blocked, id=8788, stack(0x0000004694d00000,0x0000004694e00000)]
  0x000001ad9aa6d6e0 JavaThread "Unconstrained build operations Thread 44" [_thread_blocked, id=14576, stack(0x0000004694e00000,0x0000004694f00000)]
  0x000001ad9aa6dbf0 JavaThread "Unconstrained build operations Thread 45" [_thread_blocked, id=26476, stack(0x0000004694f00000,0x0000004695000000)]
  0x000001ad9aa6f030 JavaThread "Unconstrained build operations Thread 46" [_thread_blocked, id=19604, stack(0x0000004695000000,0x0000004695100000)]
  0x000001ada79e4580 JavaThread "C2 CompilerThread1" daemon [_thread_blocked, id=24660, stack(0x0000004695100000,0x0000004695200000)]
  0x000001ad9aa6f540 JavaThread "Unconstrained build operations Thread 47" [_thread_blocked, id=4916, stack(0x0000004695200000,0x0000004695300000)]
  0x000001ad9aa6ccc0 JavaThread "Unconstrained build operations Thread 48" [_thread_blocked, id=24784, stack(0x0000004695300000,0x0000004695400000)]
  0x000001ad9aa6e100 JavaThread "Unconstrained build operations Thread 49" [_thread_blocked, id=2436, stack(0x0000004695400000,0x0000004695500000)]
  0x000001ad9aa6eb20 JavaThread "Unconstrained build operations Thread 50" [_thread_blocked, id=13008, stack(0x0000004695500000,0x0000004695600000)]
  0x000001ad9aa6fa50 JavaThread "Unconstrained build operations Thread 51" [_thread_blocked, id=19892, stack(0x0000004695600000,0x0000004695700000)]
  0x000001ad95976e00 JavaThread "Unconstrained build operations Thread 52" [_thread_blocked, id=1756, stack(0x0000004695700000,0x0000004695800000)]
  0x000001ad95974a90 JavaThread "Unconstrained build operations Thread 53" [_thread_blocked, id=18452, stack(0x0000004695800000,0x0000004695900000)]
  0x000001ad95977310 JavaThread "Unconstrained build operations Thread 54" [_thread_blocked, id=17256, stack(0x0000004695900000,0x0000004695a00000)]
  0x000001ad95977820 JavaThread "Unconstrained build operations Thread 55" [_thread_blocked, id=17704, stack(0x0000004695a00000,0x0000004695b00000)]
  0x000001ad95974fa0 JavaThread "Unconstrained build operations Thread 56" [_thread_blocked, id=12864, stack(0x0000004695b00000,0x0000004695c00000)]
  0x000001ad959754b0 JavaThread "Unconstrained build operations Thread 57" [_thread_blocked, id=4140, stack(0x0000004695c00000,0x0000004695d00000)]
  0x000001ad968fcd80 JavaThread "Unconstrained build operations Thread 58" [_thread_blocked, id=18936, stack(0x0000004695d00000,0x0000004695e00000)]
  0x000001ad968fd7a0 JavaThread "Unconstrained build operations Thread 59" [_thread_blocked, id=21796, stack(0x0000004695e00000,0x0000004695f00000)]
  0x000001ad968fd290 JavaThread "Unconstrained build operations Thread 60" [_thread_blocked, id=29636, stack(0x0000004695f00000,0x0000004696000000)]
  0x000001ad968fdcb0 JavaThread "Unconstrained build operations Thread 61" [_thread_blocked, id=26976, stack(0x0000004696000000,0x0000004696100000)]
  0x000001ad968fa500 JavaThread "Unconstrained build operations Thread 62" [_thread_blocked, id=17624, stack(0x0000004696200000,0x0000004696300000)]
  0x000001ada79e9a80 JavaThread "C2 CompilerThread2" daemon [_thread_blocked, id=22632, stack(0x0000004696100000,0x0000004696200000)]
  0x000001ad968fe1c0 JavaThread "Unconstrained build operations Thread 63" [_thread_blocked, id=27736, stack(0x0000004696300000,0x0000004696400000)]
  0x000001ad997c4c70 JavaThread "Unconstrained build operations Thread 64" [_thread_blocked, id=24860, stack(0x0000004696400000,0x0000004696500000)]
  0x000001ad997c7a00 JavaThread "Unconstrained build operations Thread 65" [_thread_blocked, id=18276, stack(0x0000004696500000,0x0000004696600000)]
  0x000001ad997c8930 JavaThread "Unconstrained build operations Thread 66" [_thread_blocked, id=20860, stack(0x0000004696600000,0x0000004696700000)]
  0x000001ad97efd640 JavaThread "Unconstrained build operations Thread 67" [_thread_blocked, id=18680, stack(0x0000004696700000,0x0000004696800000)]
  0x000001ad97efe570 JavaThread "Unconstrained build operations Thread 68" [_thread_blocked, id=7436, stack(0x0000004696800000,0x0000004696900000)]

Other Threads:
=>0x000001ad4e880dc0 VMThread "VM Thread" [stack: 0x000000468d900000,0x000000468da00000] [id=4792]
  0x000001ad4e6a6120 WatcherThread [stack: 0x000000468e500000,0x000000468e600000] [id=27904]
  0x000001ad1172a860 GCTaskThread "GC Thread#0" [stack: 0x000000468d400000,0x000000468d500000] [id=27028]
  0x000001ad950a1ab0 GCTaskThread "GC Thread#1" [stack: 0x000000468e800000,0x000000468e900000] [id=14680]
  0x000001ad951e8d50 GCTaskThread "GC Thread#2" [stack: 0x000000468e900000,0x000000468ea00000] [id=29956]
  0x000001ad95ea1a90 GCTaskThread "GC Thread#3" [stack: 0x000000468e600000,0x000000468e700000] [id=16468]
  0x000001ad950a14e0 GCTaskThread "GC Thread#4" [stack: 0x000000468e700000,0x000000468e800000] [id=11812]
  0x000001ad95e80cc0 GCTaskThread "GC Thread#5" [stack: 0x000000468ec00000,0x000000468ed00000] [id=17792]
  0x000001ad95f1c0c0 GCTaskThread "GC Thread#6" [stack: 0x000000468ed00000,0x000000468ee00000] [id=13048]
  0x000001ad96124880 GCTaskThread "GC Thread#7" [stack: 0x000000468ee00000,0x000000468ef00000] [id=3576]
  0x000001ad96124b40 GCTaskThread "GC Thread#8" [stack: 0x000000468ef00000,0x000000468f000000] [id=23856]
  0x000001ad4f6cb000 GCTaskThread "GC Thread#9" [stack: 0x000000468f000000,0x000000468f100000] [id=23656]
  0x000001ad1173d3a0 ConcurrentGCThread "G1 Main Marker" [stack: 0x000000468d500000,0x000000468d600000] [id=5956]
  0x000001ad1173dcc0 ConcurrentGCThread "G1 Conc#0" [stack: 0x000000468d600000,0x000000468d700000] [id=21700]
  0x000001ad967ce7f0 ConcurrentGCThread "G1 Conc#1" [stack: 0x000000468fe00000,0x000000468ff00000] [id=5692]
  0x000001ad967cd4b0 ConcurrentGCThread "G1 Conc#2" [stack: 0x000000468ff00000,0x0000004690000000] [id=14148]
  0x000001ad4e7324a0 ConcurrentGCThread "G1 Refine#0" [stack: 0x000000468d700000,0x000000468d800000] [id=13456]
  0x000001ad975acf80 ConcurrentGCThread "G1 Refine#1" [stack: 0x0000004690800000,0x0000004690900000] [id=30136]
  0x000001ad97339920 ConcurrentGCThread "G1 Refine#2" [stack: 0x0000004690900000,0x0000004690a00000] [id=30308]
  0x000001ad9955b9e0 ConcurrentGCThread "G1 Refine#3" [stack: 0x0000004698700000,0x0000004698800000] [id=1708]
  0x000001ad9955a260 ConcurrentGCThread "G1 Refine#4" [stack: 0x0000004698800000,0x0000004698900000] [id=12748]
  0x000001ad995596a0 ConcurrentGCThread "G1 Refine#5" [stack: 0x0000004698900000,0x0000004698a00000] [id=12460]
  0x000001ad9955b110 ConcurrentGCThread "G1 Refine#6" [stack: 0x0000004698a00000,0x0000004698b00000] [id=19204]
  0x000001ad4e735ba0 ConcurrentGCThread "G1 Service" [stack: 0x000000468d800000,0x000000468d900000] [id=12264]

Threads with active compile tasks:
C2 CompilerThread0   332053 27001       4       java.io.ObjectOutputStream::<init> (99 bytes)
C2 CompilerThread1   332053 26973       4       org.gradle.internal.execution.steps.IdentifyStep$$Lambda$440/0x000001ad51423980::apply (20 bytes)
C2 CompilerThread2   332053 26979   !   4       org.gradle.api.internal.file.FileOrUriNotationConverter::convert (329 bytes)

VM state: at safepoint (normal execution)

VM Mutex/Monitor currently owned by a thread:  ([mutex/lock_event])
[0x000001ad116743a0] Threads_lock - owner thread: 0x000001ad4e880dc0
[0x000001ad116749d0] Heap_lock - owner thread: 0x000001ad95974070

Heap address: 0x0000000600000000, size: 8192 MB, Compressed Oops mode: Zero based, Oop shift amount: 3

CDS archive(s) mapped at: [0x000001ad50000000-0x000001ad50bd0000-0x000001ad50bd0000), size 12386304, SharedBaseAddress: 0x000001ad50000000, ArchiveRelocationMode: 1.
Compressed class space mapped at: 0x000001ad51000000-0x000001ad91000000, reserved size: 1073741824
Narrow klass base: 0x000001ad50000000, Narrow klass shift: 0, Narrow klass range: 0x100000000

GC Precious Log:
 CPUs: 12 total, 12 available
 Memory: 7501M
 Large Page Support: Disabled
 NUMA Support: Disabled
 Compressed Oops: Enabled (Zero based)
 Heap Region Size: 4M
 Heap Min Capacity: 8M
 Heap Initial Capacity: 120M
 Heap Max Capacity: 8G
 Pre-touch: Disabled
 Parallel Workers: 10
 Concurrent Workers: 3
 Concurrent Refinement Workers: 10
 Periodic GC: Disabled

Heap:
 garbage-first heap   total 2256896K, used 334882K [0x0000000600000000, 0x0000000800000000)
  region size 4096K, 12 young (49152K), 12 survivors (49152K)
 Metaspace       used 196626K, committed 198080K, reserved 1245184K
  class space    used 25491K, committed 26176K, reserved 1048576K

Heap Regions: E=young(eden), S=young(survivor), O=old, HS=humongous(starts), HC=humongous(continues), CS=collection set, F=free, OA=open archive, CA=closed archive, TAMS=top-at-mark-start (previous, next)
|   0|0x0000000600000000, 0x0000000600400000, 0x0000000600400000|100%|HS|  |TAMS 0x0000000600400000, 0x0000000600000000| Complete 
|   1|0x0000000600400000, 0x0000000600800000, 0x0000000600800000|100%| O|  |TAMS 0x0000000600800000, 0x0000000600400000| Untracked 
|   2|0x0000000600800000, 0x0000000600c00000, 0x0000000600c00000|100%| O|  |TAMS 0x0000000600c00000, 0x0000000600800000| Untracked 
|   3|0x0000000600c00000, 0x0000000601000000, 0x0000000601000000|100%| O|  |TAMS 0x0000000601000000, 0x0000000600c00000| Untracked 
|   4|0x0000000601000000, 0x0000000601400000, 0x0000000601400000|100%| O|  |TAMS 0x0000000601400000, 0x0000000601000000| Untracked 
|   5|0x0000000601400000, 0x0000000601800000, 0x0000000601800000|100%| O|  |TAMS 0x0000000601800000, 0x0000000601400000| Untracked 
|   6|0x0000000601800000, 0x0000000601c00000, 0x0000000601c00000|100%| O|  |TAMS 0x0000000601c00000, 0x0000000601800000| Untracked 
|   7|0x0000000601c00000, 0x0000000602000000, 0x0000000602000000|100%| O|  |TAMS 0x0000000602000000, 0x0000000601c00000| Untracked 
|   8|0x0000000602000000, 0x0000000602400000, 0x0000000602400000|100%| O|  |TAMS 0x0000000602400000, 0x0000000602000000| Untracked 
|   9|0x0000000602400000, 0x0000000602800000, 0x0000000602800000|100%| O|  |TAMS 0x0000000602800000, 0x0000000602400000| Untracked 
|  10|0x0000000602800000, 0x0000000602c00000, 0x0000000602c00000|100%| O|  |TAMS 0x0000000602c00000, 0x0000000602800000| Untracked 
|  11|0x0000000602c00000, 0x0000000603000000, 0x0000000603000000|100%| O|  |TAMS 0x0000000603000000, 0x0000000602c00000| Untracked 
|  12|0x0000000603000000, 0x0000000603400000, 0x0000000603400000|100%|HS|  |TAMS 0x0000000603400000, 0x0000000603000000| Complete 
|  13|0x0000000603400000, 0x0000000603800000, 0x0000000603800000|100%|HS|  |TAMS 0x0000000603800000, 0x0000000603400000| Complete 
|  14|0x0000000603800000, 0x0000000603c00000, 0x0000000603c00000|100%| O|  |TAMS 0x0000000603c00000, 0x0000000603800000| Untracked 
|  15|0x0000000603c00000, 0x0000000604000000, 0x0000000604000000|100%| O|  |TAMS 0x0000000604000000, 0x0000000603c00000| Untracked 
|  16|0x0000000604000000, 0x0000000604400000, 0x0000000604400000|100%| O|  |TAMS 0x0000000604400000, 0x0000000604000000| Untracked 
|  17|0x0000000604400000, 0x0000000604800000, 0x0000000604800000|100%| O|  |TAMS 0x0000000604800000, 0x0000000604400000| Untracked 
|  18|0x0000000604800000, 0x0000000604c00000, 0x0000000604c00000|100%| O|  |TAMS 0x0000000604c00000, 0x0000000604800000| Untracked 
|  19|0x0000000604c00000, 0x0000000605000000, 0x0000000605000000|100%| O|  |TAMS 0x0000000605000000, 0x0000000604c00000| Untracked 
|  20|0x0000000605000000, 0x0000000605400000, 0x0000000605400000|100%| O|  |TAMS 0x0000000605400000, 0x0000000605000000| Untracked 
|  21|0x0000000605400000, 0x0000000605800000, 0x0000000605800000|100%| O|  |TAMS 0x0000000605800000, 0x0000000605400000| Untracked 
|  22|0x0000000605800000, 0x0000000605c00000, 0x0000000605c00000|100%| O|  |TAMS 0x0000000605c00000, 0x0000000605800000| Untracked 
|  23|0x0000000605c00000, 0x0000000606000000, 0x0000000606000000|100%| O|  |TAMS 0x0000000606000000, 0x0000000605c00000| Untracked 
|  24|0x0000000606000000, 0x0000000606400000, 0x0000000606400000|100%| O|  |TAMS 0x0000000606400000, 0x0000000606000000| Untracked 
|  25|0x0000000606400000, 0x0000000606800000, 0x0000000606800000|100%| O|  |TAMS 0x0000000606800000, 0x0000000606400000| Untracked 
|  26|0x0000000606800000, 0x0000000606800000, 0x0000000606c00000|  0%| F|  |TAMS 0x0000000606800000, 0x0000000606800000| Untracked 
|  27|0x0000000606c00000, 0x0000000606c00000, 0x0000000607000000|  0%| F|  |TAMS 0x0000000606c00000, 0x0000000606c00000| Untracked 
|  28|0x0000000607000000, 0x0000000607400000, 0x0000000607400000|100%| O|  |TAMS 0x0000000607400000, 0x0000000607000000| Untracked 
|  29|0x0000000607400000, 0x0000000607800000, 0x0000000607800000|100%| O|  |TAMS 0x0000000607800000, 0x0000000607400000| Untracked 
|  30|0x0000000607800000, 0x0000000607c00000, 0x0000000607c00000|100%| O|  |TAMS 0x0000000607c00000, 0x0000000607800000| Untracked 
|  31|0x0000000607c00000, 0x0000000608000000, 0x0000000608000000|100%| O|  |TAMS 0x0000000608000000, 0x0000000607c00000| Untracked 
|  32|0x0000000608000000, 0x0000000608400000, 0x0000000608400000|100%| O|  |TAMS 0x0000000608400000, 0x0000000608000000| Untracked 
|  33|0x0000000608400000, 0x0000000608800000, 0x0000000608800000|100%| O|  |TAMS 0x0000000608800000, 0x0000000608400000| Untracked 
|  34|0x0000000608800000, 0x0000000608c00000, 0x0000000608c00000|100%| O|  |TAMS 0x0000000608c00000, 0x0000000608800000| Untracked 
|  35|0x0000000608c00000, 0x0000000609000000, 0x0000000609000000|100%| O|  |TAMS 0x0000000609000000, 0x0000000608c00000| Untracked 
|  36|0x0000000609000000, 0x0000000609400000, 0x0000000609400000|100%| O|  |TAMS 0x0000000609400000, 0x0000000609000000| Untracked 
|  37|0x0000000609400000, 0x0000000609800000, 0x0000000609800000|100%| O|  |TAMS 0x0000000609800000, 0x0000000609400000| Untracked 
|  38|0x0000000609800000, 0x0000000609c00000, 0x0000000609c00000|100%| O|  |TAMS 0x0000000609c00000, 0x0000000609800000| Untracked 
|  39|0x0000000609c00000, 0x000000060a000000, 0x000000060a000000|100%| O|  |TAMS 0x000000060a000000, 0x0000000609c00000| Untracked 
|  40|0x000000060a000000, 0x000000060a400000, 0x000000060a400000|100%| O|  |TAMS 0x000000060a000000, 0x000000060a000000| Untracked 
|  41|0x000000060a400000, 0x000000060a800000, 0x000000060a800000|100%| O|  |TAMS 0x000000060a400000, 0x000000060a400000| Untracked 
|  42|0x000000060a800000, 0x000000060ac00000, 0x000000060ac00000|100%| O|  |TAMS 0x000000060a800000, 0x000000060a800000| Untracked 
|  43|0x000000060ac00000, 0x000000060b000000, 0x000000060b000000|100%| O|  |TAMS 0x000000060ac00000, 0x000000060ac00000| Untracked 
|  44|0x000000060b000000, 0x000000060b400000, 0x000000060b400000|100%| O|  |TAMS 0x000000060b400000, 0x000000060b000000| Untracked 
|  45|0x000000060b400000, 0x000000060b800000, 0x000000060b800000|100%| O|  |TAMS 0x000000060b800000, 0x000000060b400000| Untracked 
|  46|0x000000060b800000, 0x000000060bc00000, 0x000000060bc00000|100%| O|  |TAMS 0x000000060bc00000, 0x000000060b800000| Untracked 
|  47|0x000000060bc00000, 0x000000060c000000, 0x000000060c000000|100%| O|  |TAMS 0x000000060c000000, 0x000000060bc00000| Untracked 
|  48|0x000000060c000000, 0x000000060c400000, 0x000000060c400000|100%| O|  |TAMS 0x000000060c370400, 0x000000060c000000| Untracked 
|  49|0x000000060c400000, 0x000000060c800000, 0x000000060c800000|100%| O|  |TAMS 0x000000060c400000, 0x000000060c400000| Untracked 
|  50|0x000000060c800000, 0x000000060cc00000, 0x000000060cc00000|100%| O|  |TAMS 0x000000060c800000, 0x000000060c800000| Untracked 
|  51|0x000000060cc00000, 0x000000060d000000, 0x000000060d000000|100%| O|  |TAMS 0x000000060cc00000, 0x000000060cc00000| Untracked 
|  52|0x000000060d000000, 0x000000060d400000, 0x000000060d400000|100%| O|  |TAMS 0x000000060d000000, 0x000000060d000000| Untracked 
|  53|0x000000060d400000, 0x000000060d800000, 0x000000060d800000|100%| O|  |TAMS 0x000000060d400000, 0x000000060d400000| Untracked 
|  54|0x000000060d800000, 0x000000060dc00000, 0x000000060dc00000|100%| O|  |TAMS 0x000000060d800000, 0x000000060d800000| Untracked 
|  55|0x000000060dc00000, 0x000000060e000000, 0x000000060e000000|100%| O|  |TAMS 0x000000060dc00000, 0x000000060dc00000| Untracked 
|  56|0x000000060e000000, 0x000000060e400000, 0x000000060e400000|100%| O|  |TAMS 0x000000060e000000, 0x000000060e000000| Untracked 
|  57|0x000000060e400000, 0x000000060e800000, 0x000000060e800000|100%| O|  |TAMS 0x000000060e400000, 0x000000060e400000| Untracked 
|  58|0x000000060e800000, 0x000000060ec00000, 0x000000060ec00000|100%| O|  |TAMS 0x000000060e800000, 0x000000060e800000| Untracked 
|  59|0x000000060ec00000, 0x000000060f000000, 0x000000060f000000|100%| O|  |TAMS 0x000000060ec00000, 0x000000060ec00000| Untracked 
|  60|0x000000060f000000, 0x000000060f400000, 0x000000060f400000|100%| O|  |TAMS 0x000000060f000000, 0x000000060f000000| Untracked 
|  61|0x000000060f400000, 0x000000060f800000, 0x000000060f800000|100%| O|  |TAMS 0x000000060f400000, 0x000000060f400000| Untracked 
|  62|0x000000060f800000, 0x000000060fc00000, 0x000000060fc00000|100%| O|  |TAMS 0x000000060f800000, 0x000000060f800000| Untracked 
|  63|0x000000060fc00000, 0x0000000610000000, 0x0000000610000000|100%| O|  |TAMS 0x000000060fc00000, 0x000000060fc00000| Untracked 
|  64|0x0000000610000000, 0x0000000610400000, 0x0000000610400000|100%| O|  |TAMS 0x0000000610000000, 0x0000000610000000| Untracked 
|  65|0x0000000610400000, 0x0000000610800000, 0x0000000610800000|100%| O|  |TAMS 0x0000000610400000, 0x0000000610400000| Untracked 
|  66|0x0000000610800000, 0x0000000610c00000, 0x0000000610c00000|100%| O|  |TAMS 0x0000000610800000, 0x0000000610800000| Untracked 
|  67|0x0000000610c00000, 0x0000000611000000, 0x0000000611000000|100%| O|  |TAMS 0x0000000610c00000, 0x0000000610c00000| Untracked 
|  68|0x0000000611000000, 0x0000000611400000, 0x0000000611400000|100%| O|  |TAMS 0x0000000611000000, 0x0000000611000000| Untracked 
|  69|0x0000000611400000, 0x0000000611800000, 0x0000000611800000|100%| O|  |TAMS 0x0000000611400000, 0x0000000611400000| Untracked 
|  70|0x0000000611800000, 0x0000000611c00000, 0x0000000611c00000|100%| O|  |TAMS 0x0000000611800000, 0x0000000611800000| Untracked 
|  71|0x0000000611c00000, 0x0000000611f84000, 0x0000000612000000| 87%| O|  |TAMS 0x0000000611c00000, 0x0000000611c00000| Untracked 
|  72|0x0000000612000000, 0x0000000612000000, 0x0000000612400000|  0%| F|  |TAMS 0x0000000612000000, 0x0000000612000000| Untracked 
|  73|0x0000000612400000, 0x0000000612400000, 0x0000000612800000|  0%| F|  |TAMS 0x0000000612400000, 0x0000000612400000| Untracked 
|  74|0x0000000612800000, 0x0000000612800000, 0x0000000612c00000|  0%| F|  |TAMS 0x0000000612800000, 0x0000000612800000| Untracked 
|  75|0x0000000612c00000, 0x0000000612c00000, 0x0000000613000000|  0%| F|  |TAMS 0x0000000612c00000, 0x0000000612c00000| Untracked 
|  76|0x0000000613000000, 0x0000000613000000, 0x0000000613400000|  0%| F|  |TAMS 0x0000000613000000, 0x0000000613000000| Untracked 
|  77|0x0000000613400000, 0x0000000613400000, 0x0000000613800000|  0%| F|  |TAMS 0x0000000613400000, 0x0000000613400000| Untracked 
|  78|0x0000000613800000, 0x0000000613800000, 0x0000000613c00000|  0%| F|  |TAMS 0x0000000613800000, 0x0000000613800000| Untracked 
|  79|0x0000000613c00000, 0x0000000613c00000, 0x0000000614000000|  0%| F|  |TAMS 0x0000000613c00000, 0x0000000613c00000| Untracked 
|  80|0x0000000614000000, 0x0000000614000000, 0x0000000614400000|  0%| F|  |TAMS 0x0000000614000000, 0x0000000614000000| Untracked 
|  81|0x0000000614400000, 0x0000000614400000, 0x0000000614800000|  0%| F|  |TAMS 0x0000000614400000, 0x0000000614400000| Untracked 
|  82|0x0000000614800000, 0x0000000614800000, 0x0000000614c00000|  0%| F|  |TAMS 0x0000000614800000, 0x0000000614800000| Untracked 
|  83|0x0000000614c00000, 0x0000000614c00000, 0x0000000615000000|  0%| F|  |TAMS 0x0000000614c00000, 0x0000000614c00000| Untracked 
|  84|0x0000000615000000, 0x0000000615000000, 0x0000000615400000|  0%| F|  |TAMS 0x0000000615000000, 0x0000000615000000| Untracked 
|  85|0x0000000615400000, 0x0000000615400000, 0x0000000615800000|  0%| F|  |TAMS 0x0000000615400000, 0x0000000615400000| Untracked 
|  86|0x0000000615800000, 0x0000000615800000, 0x0000000615c00000|  0%| F|  |TAMS 0x0000000615800000, 0x0000000615800000| Untracked 
|  87|0x0000000615c00000, 0x0000000615c00000, 0x0000000616000000|  0%| F|  |TAMS 0x0000000615c00000, 0x0000000615c00000| Untracked 
|  88|0x0000000616000000, 0x0000000616000000, 0x0000000616400000|  0%| F|  |TAMS 0x0000000616000000, 0x0000000616000000| Untracked 
|  89|0x0000000616400000, 0x0000000616400000, 0x0000000616800000|  0%| F|  |TAMS 0x0000000616400000, 0x0000000616400000| Untracked 
|  90|0x0000000616800000, 0x0000000616800000, 0x0000000616c00000|  0%| F|  |TAMS 0x0000000616800000, 0x0000000616800000| Untracked 
|  91|0x0000000616c00000, 0x0000000616c00000, 0x0000000617000000|  0%| F|  |TAMS 0x0000000616c00000, 0x0000000616c00000| Untracked 
|  92|0x0000000617000000, 0x0000000617000000, 0x0000000617400000|  0%| F|  |TAMS 0x0000000617000000, 0x0000000617000000| Untracked 
|  93|0x0000000617400000, 0x0000000617400000, 0x0000000617800000|  0%| F|  |TAMS 0x0000000617400000, 0x0000000617400000| Untracked 
|  94|0x0000000617800000, 0x0000000617800000, 0x0000000617c00000|  0%| F|  |TAMS 0x0000000617800000, 0x0000000617800000| Untracked 
|  95|0x0000000617c00000, 0x0000000617c00000, 0x0000000618000000|  0%| F|  |TAMS 0x0000000617c00000, 0x0000000617c00000| Untracked 
|  96|0x0000000618000000, 0x0000000618000000, 0x0000000618400000|  0%| F|  |TAMS 0x0000000618000000, 0x0000000618000000| Untracked 
|  97|0x0000000618400000, 0x0000000618400000, 0x0000000618800000|  0%| F|  |TAMS 0x0000000618400000, 0x0000000618400000| Untracked 
|  98|0x0000000618800000, 0x0000000618800000, 0x0000000618c00000|  0%| F|  |TAMS 0x0000000618800000, 0x0000000618800000| Untracked 
|  99|0x0000000618c00000, 0x0000000618c00000, 0x0000000619000000|  0%| F|  |TAMS 0x0000000618c00000, 0x0000000618c00000| Untracked 
| 100|0x0000000619000000, 0x0000000619000000, 0x0000000619400000|  0%| F|  |TAMS 0x0000000619000000, 0x0000000619000000| Untracked 
| 101|0x0000000619400000, 0x0000000619400000, 0x0000000619800000|  0%| F|  |TAMS 0x0000000619400000, 0x0000000619400000| Untracked 
| 102|0x0000000619800000, 0x0000000619800000, 0x0000000619c00000|  0%| F|  |TAMS 0x0000000619800000, 0x0000000619800000| Untracked 
| 103|0x0000000619c00000, 0x0000000619c00000, 0x000000061a000000|  0%| F|  |TAMS 0x0000000619c00000, 0x0000000619c00000| Untracked 
| 104|0x000000061a000000, 0x000000061a000000, 0x000000061a400000|  0%| F|  |TAMS 0x000000061a000000, 0x000000061a000000| Untracked 
| 105|0x000000061a400000, 0x000000061a400000, 0x000000061a800000|  0%| F|  |TAMS 0x000000061a400000, 0x000000061a400000| Untracked 
| 106|0x000000061a800000, 0x000000061a800000, 0x000000061ac00000|  0%| F|  |TAMS 0x000000061a800000, 0x000000061a800000| Untracked 
| 107|0x000000061ac00000, 0x000000061ac00000, 0x000000061b000000|  0%| F|  |TAMS 0x000000061ac00000, 0x000000061ac00000| Untracked 
| 108|0x000000061b000000, 0x000000061b000000, 0x000000061b400000|  0%| F|  |TAMS 0x000000061b000000, 0x000000061b000000| Untracked 
| 109|0x000000061b400000, 0x000000061b400000, 0x000000061b800000|  0%| F|  |TAMS 0x000000061b400000, 0x000000061b400000| Untracked 
| 110|0x000000061b800000, 0x000000061b800000, 0x000000061bc00000|  0%| F|  |TAMS 0x000000061b800000, 0x000000061b800000| Untracked 
| 111|0x000000061bc00000, 0x000000061bc00000, 0x000000061c000000|  0%| F|  |TAMS 0x000000061bc00000, 0x000000061bc00000| Untracked 
| 112|0x000000061c000000, 0x000000061c000000, 0x000000061c400000|  0%| F|  |TAMS 0x000000061c000000, 0x000000061c000000| Untracked 
| 113|0x000000061c400000, 0x000000061c400000, 0x000000061c800000|  0%| F|  |TAMS 0x000000061c400000, 0x000000061c400000| Untracked 
| 114|0x000000061c800000, 0x000000061c800000, 0x000000061cc00000|  0%| F|  |TAMS 0x000000061c800000, 0x000000061c800000| Untracked 
| 115|0x000000061cc00000, 0x000000061cc00000, 0x000000061d000000|  0%| F|  |TAMS 0x000000061cc00000, 0x000000061cc00000| Untracked 
| 116|0x000000061d000000, 0x000000061d000000, 0x000000061d400000|  0%| F|  |TAMS 0x000000061d000000, 0x000000061d000000| Untracked 
| 117|0x000000061d400000, 0x000000061d400000, 0x000000061d800000|  0%| F|  |TAMS 0x000000061d400000, 0x000000061d400000| Untracked 
| 118|0x000000061d800000, 0x000000061d800000, 0x000000061dc00000|  0%| F|  |TAMS 0x000000061d800000, 0x000000061d800000| Untracked 
| 119|0x000000061dc00000, 0x000000061dc00000, 0x000000061e000000|  0%| F|  |TAMS 0x000000061dc00000, 0x000000061dc00000| Untracked 
| 120|0x000000061e000000, 0x000000061e000000, 0x000000061e400000|  0%| F|  |TAMS 0x000000061e000000, 0x000000061e000000| Untracked 
| 121|0x000000061e400000, 0x000000061e400000, 0x000000061e800000|  0%| F|  |TAMS 0x000000061e400000, 0x000000061e400000| Untracked 
| 122|0x000000061e800000, 0x000000061e800000, 0x000000061ec00000|  0%| F|  |TAMS 0x000000061e800000, 0x000000061e800000| Untracked 
| 123|0x000000061ec00000, 0x000000061ec00000, 0x000000061f000000|  0%| F|  |TAMS 0x000000061ec00000, 0x000000061ec00000| Untracked 
| 124|0x000000061f000000, 0x000000061f000000, 0x000000061f400000|  0%| F|  |TAMS 0x000000061f000000, 0x000000061f000000| Untracked 
| 125|0x000000061f400000, 0x000000061f400000, 0x000000061f800000|  0%| F|  |TAMS 0x000000061f400000, 0x000000061f400000| Untracked 
| 126|0x000000061f800000, 0x000000061f800000, 0x000000061fc00000|  0%| F|  |TAMS 0x000000061f800000, 0x000000061f800000| Untracked 
| 127|0x000000061fc00000, 0x000000061fc00000, 0x0000000620000000|  0%| F|  |TAMS 0x000000061fc00000, 0x000000061fc00000| Untracked 
| 128|0x0000000620000000, 0x0000000620000000, 0x0000000620400000|  0%| F|  |TAMS 0x0000000620000000, 0x0000000620000000| Untracked 
| 129|0x0000000620400000, 0x0000000620400000, 0x0000000620800000|  0%| F|  |TAMS 0x0000000620400000, 0x0000000620400000| Untracked 
| 130|0x0000000620800000, 0x0000000620800000, 0x0000000620c00000|  0%| F|  |TAMS 0x0000000620800000, 0x0000000620800000| Untracked 
| 131|0x0000000620c00000, 0x0000000620c00000, 0x0000000621000000|  0%| F|  |TAMS 0x0000000620c00000, 0x0000000620c00000| Untracked 
| 132|0x0000000621000000, 0x0000000621000000, 0x0000000621400000|  0%| F|  |TAMS 0x0000000621000000, 0x0000000621000000| Untracked 
| 133|0x0000000621400000, 0x0000000621400000, 0x0000000621800000|  0%| F|  |TAMS 0x0000000621400000, 0x0000000621400000| Untracked 
| 134|0x0000000621800000, 0x0000000621800000, 0x0000000621c00000|  0%| F|  |TAMS 0x0000000621800000, 0x0000000621800000| Untracked 
| 135|0x0000000621c00000, 0x0000000621c00000, 0x0000000622000000|  0%| F|  |TAMS 0x0000000621c00000, 0x0000000621c00000| Untracked 
| 136|0x0000000622000000, 0x0000000622000000, 0x0000000622400000|  0%| F|  |TAMS 0x0000000622000000, 0x0000000622000000| Untracked 
| 137|0x0000000622400000, 0x0000000622400000, 0x0000000622800000|  0%| F|  |TAMS 0x0000000622400000, 0x0000000622400000| Untracked 
| 138|0x0000000622800000, 0x0000000622800000, 0x0000000622c00000|  0%| F|  |TAMS 0x0000000622800000, 0x0000000622800000| Untracked 
| 139|0x0000000622c00000, 0x0000000622c00000, 0x0000000623000000|  0%| F|  |TAMS 0x0000000622c00000, 0x0000000622c00000| Untracked 
| 140|0x0000000623000000, 0x0000000623000000, 0x0000000623400000|  0%| F|  |TAMS 0x0000000623000000, 0x0000000623000000| Untracked 
| 141|0x0000000623400000, 0x0000000623400000, 0x0000000623800000|  0%| F|  |TAMS 0x0000000623400000, 0x0000000623400000| Untracked 
| 142|0x0000000623800000, 0x0000000623800000, 0x0000000623c00000|  0%| F|  |TAMS 0x0000000623800000, 0x0000000623800000| Untracked 
| 143|0x0000000623c00000, 0x0000000623c00000, 0x0000000624000000|  0%| F|  |TAMS 0x0000000623c00000, 0x0000000623c00000| Untracked 
| 144|0x0000000624000000, 0x0000000624000000, 0x0000000624400000|  0%| F|  |TAMS 0x0000000624000000, 0x0000000624000000| Untracked 
| 145|0x0000000624400000, 0x0000000624400000, 0x0000000624800000|  0%| F|  |TAMS 0x0000000624400000, 0x0000000624400000| Untracked 
| 146|0x0000000624800000, 0x0000000624800000, 0x0000000624c00000|  0%| F|  |TAMS 0x0000000624800000, 0x0000000624800000| Untracked 
| 147|0x0000000624c00000, 0x0000000624c00000, 0x0000000625000000|  0%| F|  |TAMS 0x0000000624c00000, 0x0000000624c00000| Untracked 
| 148|0x0000000625000000, 0x0000000625000000, 0x0000000625400000|  0%| F|  |TAMS 0x0000000625000000, 0x0000000625000000| Untracked 
| 149|0x0000000625400000, 0x0000000625400000, 0x0000000625800000|  0%| F|  |TAMS 0x0000000625400000, 0x0000000625400000| Untracked 
| 150|0x0000000625800000, 0x0000000625800000, 0x0000000625c00000|  0%| F|  |TAMS 0x0000000625800000, 0x0000000625800000| Untracked 
| 151|0x0000000625c00000, 0x0000000625c00000, 0x0000000626000000|  0%| F|  |TAMS 0x0000000625c00000, 0x0000000625c00000| Untracked 
| 152|0x0000000626000000, 0x0000000626000000, 0x0000000626400000|  0%| F|  |TAMS 0x0000000626000000, 0x0000000626000000| Untracked 
| 153|0x0000000626400000, 0x0000000626400000, 0x0000000626800000|  0%| F|  |TAMS 0x0000000626400000, 0x0000000626400000| Untracked 
| 154|0x0000000626800000, 0x0000000626800000, 0x0000000626c00000|  0%| F|  |TAMS 0x0000000626800000, 0x0000000626800000| Untracked 
| 155|0x0000000626c00000, 0x0000000626c00000, 0x0000000627000000|  0%| F|  |TAMS 0x0000000626c00000, 0x0000000626c00000| Untracked 
| 156|0x0000000627000000, 0x0000000627000000, 0x0000000627400000|  0%| F|  |TAMS 0x0000000627000000, 0x0000000627000000| Untracked 
| 157|0x0000000627400000, 0x0000000627400000, 0x0000000627800000|  0%| F|  |TAMS 0x0000000627400000, 0x0000000627400000| Untracked 
| 158|0x0000000627800000, 0x0000000627800000, 0x0000000627c00000|  0%| F|  |TAMS 0x0000000627800000, 0x0000000627800000| Untracked 
| 159|0x0000000627c00000, 0x0000000627c00000, 0x0000000628000000|  0%| F|  |TAMS 0x0000000627c00000, 0x0000000627c00000| Untracked 
| 160|0x0000000628000000, 0x0000000628000000, 0x0000000628400000|  0%| F|  |TAMS 0x0000000628000000, 0x0000000628000000| Untracked 
| 161|0x0000000628400000, 0x0000000628400000, 0x0000000628800000|  0%| F|  |TAMS 0x0000000628400000, 0x0000000628400000| Untracked 
| 162|0x0000000628800000, 0x0000000628800000, 0x0000000628c00000|  0%| F|  |TAMS 0x0000000628800000, 0x0000000628800000| Untracked 
| 163|0x0000000628c00000, 0x0000000628c00000, 0x0000000629000000|  0%| F|  |TAMS 0x0000000628c00000, 0x0000000628c00000| Untracked 
| 164|0x0000000629000000, 0x0000000629000000, 0x0000000629400000|  0%| F|  |TAMS 0x0000000629000000, 0x0000000629000000| Untracked 
| 165|0x0000000629400000, 0x0000000629400000, 0x0000000629800000|  0%| F|  |TAMS 0x0000000629400000, 0x0000000629400000| Untracked 
| 166|0x0000000629800000, 0x0000000629800000, 0x0000000629c00000|  0%| F|  |TAMS 0x0000000629800000, 0x0000000629800000| Untracked 
| 167|0x0000000629c00000, 0x0000000629c00000, 0x000000062a000000|  0%| F|  |TAMS 0x0000000629c00000, 0x0000000629c00000| Untracked 
| 168|0x000000062a000000, 0x000000062a000000, 0x000000062a400000|  0%| F|  |TAMS 0x000000062a000000, 0x000000062a000000| Untracked 
| 169|0x000000062a400000, 0x000000062a400000, 0x000000062a800000|  0%| F|  |TAMS 0x000000062a400000, 0x000000062a400000| Untracked 
| 170|0x000000062a800000, 0x000000062a800000, 0x000000062ac00000|  0%| F|  |TAMS 0x000000062a800000, 0x000000062a800000| Untracked 
| 171|0x000000062ac00000, 0x000000062ac00000, 0x000000062b000000|  0%| F|  |TAMS 0x000000062ac00000, 0x000000062ac00000| Untracked 
| 172|0x000000062b000000, 0x000000062b000000, 0x000000062b400000|  0%| F|  |TAMS 0x000000062b000000, 0x000000062b000000| Untracked 
| 173|0x000000062b400000, 0x000000062b400000, 0x000000062b800000|  0%| F|  |TAMS 0x000000062b400000, 0x000000062b400000| Untracked 
| 174|0x000000062b800000, 0x000000062b800000, 0x000000062bc00000|  0%| F|  |TAMS 0x000000062b800000, 0x000000062b800000| Untracked 
| 175|0x000000062bc00000, 0x000000062bc00000, 0x000000062c000000|  0%| F|  |TAMS 0x000000062bc00000, 0x000000062bc00000| Untracked 
| 176|0x000000062c000000, 0x000000062c000000, 0x000000062c400000|  0%| F|  |TAMS 0x000000062c000000, 0x000000062c000000| Untracked 
| 177|0x000000062c400000, 0x000000062c400000, 0x000000062c800000|  0%| F|  |TAMS 0x000000062c400000, 0x000000062c400000| Untracked 
| 178|0x000000062c800000, 0x000000062c800000, 0x000000062cc00000|  0%| F|  |TAMS 0x000000062c800000, 0x000000062c800000| Untracked 
| 179|0x000000062cc00000, 0x000000062cc00000, 0x000000062d000000|  0%| F|  |TAMS 0x000000062cc00000, 0x000000062cc00000| Untracked 
| 180|0x000000062d000000, 0x000000062d000000, 0x000000062d400000|  0%| F|  |TAMS 0x000000062d000000, 0x000000062d000000| Untracked 
| 181|0x000000062d400000, 0x000000062d400000, 0x000000062d800000|  0%| F|  |TAMS 0x000000062d400000, 0x000000062d400000| Untracked 
| 182|0x000000062d800000, 0x000000062d800000, 0x000000062dc00000|  0%| F|  |TAMS 0x000000062d800000, 0x000000062d800000| Untracked 
| 183|0x000000062dc00000, 0x000000062dc00000, 0x000000062e000000|  0%| F|  |TAMS 0x000000062dc00000, 0x000000062dc00000| Untracked 
| 184|0x000000062e000000, 0x000000062e000000, 0x000000062e400000|  0%| F|  |TAMS 0x000000062e000000, 0x000000062e000000| Untracked 
| 185|0x000000062e400000, 0x000000062e400000, 0x000000062e800000|  0%| F|  |TAMS 0x000000062e400000, 0x000000062e400000| Untracked 
| 186|0x000000062e800000, 0x000000062e800000, 0x000000062ec00000|  0%| F|  |TAMS 0x000000062e800000, 0x000000062e800000| Untracked 
| 187|0x000000062ec00000, 0x000000062ec00000, 0x000000062f000000|  0%| F|  |TAMS 0x000000062ec00000, 0x000000062ec00000| Untracked 
| 188|0x000000062f000000, 0x000000062f000000, 0x000000062f400000|  0%| F|  |TAMS 0x000000062f000000, 0x000000062f000000| Untracked 
| 189|0x000000062f400000, 0x000000062f400000, 0x000000062f800000|  0%| F|  |TAMS 0x000000062f400000, 0x000000062f400000| Untracked 
| 190|0x000000062f800000, 0x000000062f800000, 0x000000062fc00000|  0%| F|  |TAMS 0x000000062f800000, 0x000000062f800000| Untracked 
| 191|0x000000062fc00000, 0x000000062fc00000, 0x0000000630000000|  0%| F|  |TAMS 0x000000062fc00000, 0x000000062fc00000| Untracked 
| 192|0x0000000630000000, 0x0000000630000000, 0x0000000630400000|  0%| F|  |TAMS 0x0000000630000000, 0x0000000630000000| Untracked 
| 193|0x0000000630400000, 0x0000000630400000, 0x0000000630800000|  0%| F|  |TAMS 0x0000000630400000, 0x0000000630400000| Untracked 
| 194|0x0000000630800000, 0x0000000630800000, 0x0000000630c00000|  0%| F|  |TAMS 0x0000000630800000, 0x0000000630800000| Untracked 
| 195|0x0000000630c00000, 0x0000000630c00000, 0x0000000631000000|  0%| F|  |TAMS 0x0000000630c00000, 0x0000000630c00000| Untracked 
| 196|0x0000000631000000, 0x0000000631000000, 0x0000000631400000|  0%| F|  |TAMS 0x0000000631000000, 0x0000000631000000| Untracked 
| 197|0x0000000631400000, 0x0000000631400000, 0x0000000631800000|  0%| F|  |TAMS 0x0000000631400000, 0x0000000631400000| Untracked 
| 198|0x0000000631800000, 0x0000000631800000, 0x0000000631c00000|  0%| F|  |TAMS 0x0000000631800000, 0x0000000631800000| Untracked 
| 199|0x0000000631c00000, 0x0000000631c00000, 0x0000000632000000|  0%| F|  |TAMS 0x0000000631c00000, 0x0000000631c00000| Untracked 
| 200|0x0000000632000000, 0x0000000632000000, 0x0000000632400000|  0%| F|  |TAMS 0x0000000632000000, 0x0000000632000000| Untracked 
| 201|0x0000000632400000, 0x0000000632400000, 0x0000000632800000|  0%| F|  |TAMS 0x0000000632400000, 0x0000000632400000| Untracked 
| 202|0x0000000632800000, 0x0000000632800000, 0x0000000632c00000|  0%| F|  |TAMS 0x0000000632800000, 0x0000000632800000| Untracked 
| 203|0x0000000632c00000, 0x0000000632c00000, 0x0000000633000000|  0%| F|  |TAMS 0x0000000632c00000, 0x0000000632c00000| Untracked 
| 204|0x0000000633000000, 0x0000000633000000, 0x0000000633400000|  0%| F|  |TAMS 0x0000000633000000, 0x0000000633000000| Untracked 
| 205|0x0000000633400000, 0x0000000633400000, 0x0000000633800000|  0%| F|  |TAMS 0x0000000633400000, 0x0000000633400000| Untracked 
| 206|0x0000000633800000, 0x0000000633800000, 0x0000000633c00000|  0%| F|  |TAMS 0x0000000633800000, 0x0000000633800000| Untracked 
| 207|0x0000000633c00000, 0x0000000633c00000, 0x0000000634000000|  0%| F|  |TAMS 0x0000000633c00000, 0x0000000633c00000| Untracked 
| 208|0x0000000634000000, 0x0000000634000000, 0x0000000634400000|  0%| F|  |TAMS 0x0000000634000000, 0x0000000634000000| Untracked 
| 209|0x0000000634400000, 0x0000000634400000, 0x0000000634800000|  0%| F|  |TAMS 0x0000000634400000, 0x0000000634400000| Untracked 
| 210|0x0000000634800000, 0x0000000634800000, 0x0000000634c00000|  0%| F|  |TAMS 0x0000000634800000, 0x0000000634800000| Untracked 
| 211|0x0000000634c00000, 0x0000000634c00000, 0x0000000635000000|  0%| F|  |TAMS 0x0000000634c00000, 0x0000000634c00000| Untracked 
| 212|0x0000000635000000, 0x0000000635000000, 0x0000000635400000|  0%| F|  |TAMS 0x0000000635000000, 0x0000000635000000| Untracked 
| 213|0x0000000635400000, 0x0000000635400000, 0x0000000635800000|  0%| F|  |TAMS 0x0000000635400000, 0x0000000635400000| Untracked 
| 214|0x0000000635800000, 0x0000000635800000, 0x0000000635c00000|  0%| F|  |TAMS 0x0000000635800000, 0x0000000635800000| Untracked 
| 215|0x0000000635c00000, 0x0000000635c00000, 0x0000000636000000|  0%| F|  |TAMS 0x0000000635c00000, 0x0000000635c00000| Untracked 
| 216|0x0000000636000000, 0x0000000636000000, 0x0000000636400000|  0%| F|  |TAMS 0x0000000636000000, 0x0000000636000000| Untracked 
| 217|0x0000000636400000, 0x0000000636400000, 0x0000000636800000|  0%| F|  |TAMS 0x0000000636400000, 0x0000000636400000| Untracked 
| 218|0x0000000636800000, 0x0000000636800000, 0x0000000636c00000|  0%| F|  |TAMS 0x0000000636800000, 0x0000000636800000| Untracked 
| 219|0x0000000636c00000, 0x0000000636c00000, 0x0000000637000000|  0%| F|  |TAMS 0x0000000636c00000, 0x0000000636c00000| Untracked 
| 220|0x0000000637000000, 0x0000000637000000, 0x0000000637400000|  0%| F|  |TAMS 0x0000000637000000, 0x0000000637000000| Untracked 
| 221|0x0000000637400000, 0x0000000637400000, 0x0000000637800000|  0%| F|  |TAMS 0x0000000637400000, 0x0000000637400000| Untracked 
| 222|0x0000000637800000, 0x0000000637800000, 0x0000000637c00000|  0%| F|  |TAMS 0x0000000637800000, 0x0000000637800000| Untracked 
| 223|0x0000000637c00000, 0x0000000637c00000, 0x0000000638000000|  0%| F|  |TAMS 0x0000000637c00000, 0x0000000637c00000| Untracked 
| 224|0x0000000638000000, 0x0000000638000000, 0x0000000638400000|  0%| F|  |TAMS 0x0000000638000000, 0x0000000638000000| Untracked 
| 225|0x0000000638400000, 0x0000000638400000, 0x0000000638800000|  0%| F|  |TAMS 0x0000000638400000, 0x0000000638400000| Untracked 
| 226|0x0000000638800000, 0x0000000638800000, 0x0000000638c00000|  0%| F|  |TAMS 0x0000000638800000, 0x0000000638800000| Untracked 
| 227|0x0000000638c00000, 0x0000000638c00000, 0x0000000639000000|  0%| F|  |TAMS 0x0000000638c00000, 0x0000000638c00000| Untracked 
| 228|0x0000000639000000, 0x0000000639000000, 0x0000000639400000|  0%| F|  |TAMS 0x0000000639000000, 0x0000000639000000| Untracked 
| 229|0x0000000639400000, 0x0000000639400000, 0x0000000639800000|  0%| F|  |TAMS 0x0000000639400000, 0x0000000639400000| Untracked 
| 230|0x0000000639800000, 0x0000000639800000, 0x0000000639c00000|  0%| F|  |TAMS 0x0000000639800000, 0x0000000639800000| Untracked 
| 231|0x0000000639c00000, 0x0000000639c00000, 0x000000063a000000|  0%| F|  |TAMS 0x0000000639c00000, 0x0000000639c00000| Untracked 
| 232|0x000000063a000000, 0x000000063a000000, 0x000000063a400000|  0%| F|  |TAMS 0x000000063a000000, 0x000000063a000000| Untracked 
| 233|0x000000063a400000, 0x000000063a400000, 0x000000063a800000|  0%| F|  |TAMS 0x000000063a400000, 0x000000063a400000| Untracked 
| 234|0x000000063a800000, 0x000000063a800000, 0x000000063ac00000|  0%| F|  |TAMS 0x000000063a800000, 0x000000063a800000| Untracked 
| 235|0x000000063ac00000, 0x000000063ac00000, 0x000000063b000000|  0%| F|  |TAMS 0x000000063ac00000, 0x000000063ac00000| Untracked 
| 236|0x000000063b000000, 0x000000063b000000, 0x000000063b400000|  0%| F|  |TAMS 0x000000063b000000, 0x000000063b000000| Untracked 
| 237|0x000000063b400000, 0x000000063b400000, 0x000000063b800000|  0%| F|  |TAMS 0x000000063b400000, 0x000000063b400000| Untracked 
| 238|0x000000063b800000, 0x000000063b800000, 0x000000063bc00000|  0%| F|  |TAMS 0x000000063b800000, 0x000000063b800000| Untracked 
| 239|0x000000063bc00000, 0x000000063bc00000, 0x000000063c000000|  0%| F|  |TAMS 0x000000063bc00000, 0x000000063bc00000| Untracked 
| 240|0x000000063c000000, 0x000000063c000000, 0x000000063c400000|  0%| F|  |TAMS 0x000000063c000000, 0x000000063c000000| Untracked 
| 241|0x000000063c400000, 0x000000063c400000, 0x000000063c800000|  0%| F|  |TAMS 0x000000063c400000, 0x000000063c400000| Untracked 
| 242|0x000000063c800000, 0x000000063c800000, 0x000000063cc00000|  0%| F|  |TAMS 0x000000063c800000, 0x000000063c800000| Untracked 
| 243|0x000000063cc00000, 0x000000063cc00000, 0x000000063d000000|  0%| F|  |TAMS 0x000000063cc00000, 0x000000063cc00000| Untracked 
| 244|0x000000063d000000, 0x000000063d000000, 0x000000063d400000|  0%| F|  |TAMS 0x000000063d000000, 0x000000063d000000| Untracked 
| 245|0x000000063d400000, 0x000000063d400000, 0x000000063d800000|  0%| F|  |TAMS 0x000000063d400000, 0x000000063d400000| Untracked 
| 246|0x000000063d800000, 0x000000063d800000, 0x000000063dc00000|  0%| F|  |TAMS 0x000000063d800000, 0x000000063d800000| Untracked 
| 247|0x000000063dc00000, 0x000000063dc00000, 0x000000063e000000|  0%| F|  |TAMS 0x000000063dc00000, 0x000000063dc00000| Untracked 
| 248|0x000000063e000000, 0x000000063e000000, 0x000000063e400000|  0%| F|  |TAMS 0x000000063e000000, 0x000000063e000000| Untracked 
| 249|0x000000063e400000, 0x000000063e400000, 0x000000063e800000|  0%| F|  |TAMS 0x000000063e400000, 0x000000063e400000| Untracked 
| 250|0x000000063e800000, 0x000000063e800000, 0x000000063ec00000|  0%| F|  |TAMS 0x000000063e800000, 0x000000063e800000| Untracked 
| 251|0x000000063ec00000, 0x000000063ec00000, 0x000000063f000000|  0%| F|  |TAMS 0x000000063ec00000, 0x000000063ec00000| Untracked 
| 252|0x000000063f000000, 0x000000063f000000, 0x000000063f400000|  0%| F|  |TAMS 0x000000063f000000, 0x000000063f000000| Untracked 
| 253|0x000000063f400000, 0x000000063f400000, 0x000000063f800000|  0%| F|  |TAMS 0x000000063f400000, 0x000000063f400000| Untracked 
| 254|0x000000063f800000, 0x000000063f800000, 0x000000063fc00000|  0%| F|  |TAMS 0x000000063f800000, 0x000000063f800000| Untracked 
| 255|0x000000063fc00000, 0x000000063fc00000, 0x0000000640000000|  0%| F|  |TAMS 0x000000063fc00000, 0x000000063fc00000| Untracked 
| 256|0x0000000640000000, 0x0000000640000000, 0x0000000640400000|  0%| F|  |TAMS 0x0000000640000000, 0x0000000640000000| Untracked 
| 257|0x0000000640400000, 0x0000000640400000, 0x0000000640800000|  0%| F|  |TAMS 0x0000000640400000, 0x0000000640400000| Untracked 
| 258|0x0000000640800000, 0x0000000640800000, 0x0000000640c00000|  0%| F|  |TAMS 0x0000000640800000, 0x0000000640800000| Untracked 
| 259|0x0000000640c00000, 0x0000000640c00000, 0x0000000641000000|  0%| F|  |TAMS 0x0000000640c00000, 0x0000000640c00000| Untracked 
| 260|0x0000000641000000, 0x0000000641000000, 0x0000000641400000|  0%| F|  |TAMS 0x0000000641000000, 0x0000000641000000| Untracked 
| 261|0x0000000641400000, 0x0000000641400000, 0x0000000641800000|  0%| F|  |TAMS 0x0000000641400000, 0x0000000641400000| Untracked 
| 262|0x0000000641800000, 0x0000000641800000, 0x0000000641c00000|  0%| F|  |TAMS 0x0000000641800000, 0x0000000641800000| Untracked 
| 263|0x0000000641c00000, 0x0000000641c00000, 0x0000000642000000|  0%| F|  |TAMS 0x0000000641c00000, 0x0000000641c00000| Untracked 
| 264|0x0000000642000000, 0x0000000642000000, 0x0000000642400000|  0%| F|  |TAMS 0x0000000642000000, 0x0000000642000000| Untracked 
| 265|0x0000000642400000, 0x0000000642400000, 0x0000000642800000|  0%| F|  |TAMS 0x0000000642400000, 0x0000000642400000| Untracked 
| 266|0x0000000642800000, 0x0000000642800000, 0x0000000642c00000|  0%| F|  |TAMS 0x0000000642800000, 0x0000000642800000| Untracked 
| 267|0x0000000642c00000, 0x0000000642c00000, 0x0000000643000000|  0%| F|  |TAMS 0x0000000642c00000, 0x0000000642c00000| Untracked 
| 268|0x0000000643000000, 0x0000000643000000, 0x0000000643400000|  0%| F|  |TAMS 0x0000000643000000, 0x0000000643000000| Untracked 
| 269|0x0000000643400000, 0x0000000643400000, 0x0000000643800000|  0%| F|  |TAMS 0x0000000643400000, 0x0000000643400000| Untracked 
| 270|0x0000000643800000, 0x0000000643800000, 0x0000000643c00000|  0%| F|  |TAMS 0x0000000643800000, 0x0000000643800000| Untracked 
| 271|0x0000000643c00000, 0x0000000643c00000, 0x0000000644000000|  0%| F|  |TAMS 0x0000000643c00000, 0x0000000643c00000| Untracked 
| 272|0x0000000644000000, 0x0000000644000000, 0x0000000644400000|  0%| F|  |TAMS 0x0000000644000000, 0x0000000644000000| Untracked 
| 273|0x0000000644400000, 0x0000000644400000, 0x0000000644800000|  0%| F|  |TAMS 0x0000000644400000, 0x0000000644400000| Untracked 
| 274|0x0000000644800000, 0x0000000644800000, 0x0000000644c00000|  0%| F|  |TAMS 0x0000000644800000, 0x0000000644800000| Untracked 
| 275|0x0000000644c00000, 0x0000000644c00000, 0x0000000645000000|  0%| F|  |TAMS 0x0000000644c00000, 0x0000000644c00000| Untracked 
| 276|0x0000000645000000, 0x0000000645000000, 0x0000000645400000|  0%| F|  |TAMS 0x0000000645000000, 0x0000000645000000| Untracked 
| 277|0x0000000645400000, 0x0000000645400000, 0x0000000645800000|  0%| F|  |TAMS 0x0000000645400000, 0x0000000645400000| Untracked 
| 278|0x0000000645800000, 0x0000000645800000, 0x0000000645c00000|  0%| F|  |TAMS 0x0000000645800000, 0x0000000645800000| Untracked 
| 279|0x0000000645c00000, 0x0000000645c00000, 0x0000000646000000|  0%| F|  |TAMS 0x0000000645c00000, 0x0000000645c00000| Untracked 
| 280|0x0000000646000000, 0x0000000646000000, 0x0000000646400000|  0%| F|  |TAMS 0x0000000646000000, 0x0000000646000000| Untracked 
| 281|0x0000000646400000, 0x0000000646400000, 0x0000000646800000|  0%| F|  |TAMS 0x0000000646400000, 0x0000000646400000| Untracked 
| 282|0x0000000646800000, 0x0000000646800000, 0x0000000646c00000|  0%| F|  |TAMS 0x0000000646800000, 0x0000000646800000| Untracked 
| 283|0x0000000646c00000, 0x0000000646c00000, 0x0000000647000000|  0%| F|  |TAMS 0x0000000646c00000, 0x0000000646c00000| Untracked 
| 284|0x0000000647000000, 0x0000000647000000, 0x0000000647400000|  0%| F|  |TAMS 0x0000000647000000, 0x0000000647000000| Untracked 
| 285|0x0000000647400000, 0x0000000647400000, 0x0000000647800000|  0%| F|  |TAMS 0x0000000647400000, 0x0000000647400000| Untracked 
| 286|0x0000000647800000, 0x0000000647800000, 0x0000000647c00000|  0%| F|  |TAMS 0x0000000647800000, 0x0000000647800000| Untracked 
| 287|0x0000000647c00000, 0x0000000647c00000, 0x0000000648000000|  0%| F|  |TAMS 0x0000000647c00000, 0x0000000647c00000| Untracked 
| 288|0x0000000648000000, 0x0000000648000000, 0x0000000648400000|  0%| F|  |TAMS 0x0000000648000000, 0x0000000648000000| Untracked 
| 289|0x0000000648400000, 0x0000000648400000, 0x0000000648800000|  0%| F|  |TAMS 0x0000000648400000, 0x0000000648400000| Untracked 
| 290|0x0000000648800000, 0x0000000648800000, 0x0000000648c00000|  0%| F|  |TAMS 0x0000000648800000, 0x0000000648800000| Untracked 
| 291|0x0000000648c00000, 0x0000000648c00000, 0x0000000649000000|  0%| F|  |TAMS 0x0000000648c00000, 0x0000000648c00000| Untracked 
| 292|0x0000000649000000, 0x0000000649000000, 0x0000000649400000|  0%| F|  |TAMS 0x0000000649000000, 0x0000000649000000| Untracked 
| 293|0x0000000649400000, 0x0000000649400000, 0x0000000649800000|  0%| F|  |TAMS 0x0000000649400000, 0x0000000649400000| Untracked 
| 294|0x0000000649800000, 0x0000000649800000, 0x0000000649c00000|  0%| F|  |TAMS 0x0000000649800000, 0x0000000649800000| Untracked 
| 295|0x0000000649c00000, 0x0000000649c00000, 0x000000064a000000|  0%| F|  |TAMS 0x0000000649c00000, 0x0000000649c00000| Untracked 
| 296|0x000000064a000000, 0x000000064a000000, 0x000000064a400000|  0%| F|  |TAMS 0x000000064a000000, 0x000000064a000000| Untracked 
| 297|0x000000064a400000, 0x000000064a400000, 0x000000064a800000|  0%| F|  |TAMS 0x000000064a400000, 0x000000064a400000| Untracked 
| 298|0x000000064a800000, 0x000000064a800000, 0x000000064ac00000|  0%| F|  |TAMS 0x000000064a800000, 0x000000064a800000| Untracked 
| 299|0x000000064ac00000, 0x000000064ac00000, 0x000000064b000000|  0%| F|  |TAMS 0x000000064ac00000, 0x000000064ac00000| Untracked 
| 300|0x000000064b000000, 0x000000064b000000, 0x000000064b400000|  0%| F|  |TAMS 0x000000064b000000, 0x000000064b000000| Untracked 
| 301|0x000000064b400000, 0x000000064b400000, 0x000000064b800000|  0%| F|  |TAMS 0x000000064b400000, 0x000000064b400000| Untracked 
| 302|0x000000064b800000, 0x000000064b800000, 0x000000064bc00000|  0%| F|  |TAMS 0x000000064b800000, 0x000000064b800000| Untracked 
| 303|0x000000064bc00000, 0x000000064bc00000, 0x000000064c000000|  0%| F|  |TAMS 0x000000064bc00000, 0x000000064bc00000| Untracked 
| 304|0x000000064c000000, 0x000000064c000000, 0x000000064c400000|  0%| F|  |TAMS 0x000000064c000000, 0x000000064c000000| Untracked 
| 305|0x000000064c400000, 0x000000064c400000, 0x000000064c800000|  0%| F|  |TAMS 0x000000064c400000, 0x000000064c400000| Untracked 
| 306|0x000000064c800000, 0x000000064c800000, 0x000000064cc00000|  0%| F|  |TAMS 0x000000064c800000, 0x000000064c800000| Untracked 
| 307|0x000000064cc00000, 0x000000064cc00000, 0x000000064d000000|  0%| F|  |TAMS 0x000000064cc00000, 0x000000064cc00000| Untracked 
| 308|0x000000064d000000, 0x000000064d000000, 0x000000064d400000|  0%| F|  |TAMS 0x000000064d000000, 0x000000064d000000| Untracked 
| 309|0x000000064d400000, 0x000000064d400000, 0x000000064d800000|  0%| F|  |TAMS 0x000000064d400000, 0x000000064d400000| Untracked 
| 310|0x000000064d800000, 0x000000064d800000, 0x000000064dc00000|  0%| F|  |TAMS 0x000000064d800000, 0x000000064d800000| Untracked 
| 311|0x000000064dc00000, 0x000000064dc00000, 0x000000064e000000|  0%| F|  |TAMS 0x000000064dc00000, 0x000000064dc00000| Untracked 
| 312|0x000000064e000000, 0x000000064e000000, 0x000000064e400000|  0%| F|  |TAMS 0x000000064e000000, 0x000000064e000000| Untracked 
| 313|0x000000064e400000, 0x000000064e400000, 0x000000064e800000|  0%| F|  |TAMS 0x000000064e400000, 0x000000064e400000| Untracked 
| 314|0x000000064e800000, 0x000000064e800000, 0x000000064ec00000|  0%| F|  |TAMS 0x000000064e800000, 0x000000064e800000| Untracked 
| 315|0x000000064ec00000, 0x000000064ec00000, 0x000000064f000000|  0%| F|  |TAMS 0x000000064ec00000, 0x000000064ec00000| Untracked 
| 316|0x000000064f000000, 0x000000064f000000, 0x000000064f400000|  0%| F|  |TAMS 0x000000064f000000, 0x000000064f000000| Untracked 
| 317|0x000000064f400000, 0x000000064f400000, 0x000000064f800000|  0%| F|  |TAMS 0x000000064f400000, 0x000000064f400000| Untracked 
| 318|0x000000064f800000, 0x000000064f800000, 0x000000064fc00000|  0%| F|  |TAMS 0x000000064f800000, 0x000000064f800000| Untracked 
| 319|0x000000064fc00000, 0x000000064fc00000, 0x0000000650000000|  0%| F|  |TAMS 0x000000064fc00000, 0x000000064fc00000| Untracked 
| 320|0x0000000650000000, 0x0000000650000000, 0x0000000650400000|  0%| F|  |TAMS 0x0000000650000000, 0x0000000650000000| Untracked 
| 321|0x0000000650400000, 0x0000000650400000, 0x0000000650800000|  0%| F|  |TAMS 0x0000000650400000, 0x0000000650400000| Untracked 
| 322|0x0000000650800000, 0x0000000650800000, 0x0000000650c00000|  0%| F|  |TAMS 0x0000000650800000, 0x0000000650800000| Untracked 
| 323|0x0000000650c00000, 0x0000000650c00000, 0x0000000651000000|  0%| F|  |TAMS 0x0000000650c00000, 0x0000000650c00000| Untracked 
| 324|0x0000000651000000, 0x0000000651000000, 0x0000000651400000|  0%| F|  |TAMS 0x0000000651000000, 0x0000000651000000| Untracked 
| 325|0x0000000651400000, 0x0000000651400000, 0x0000000651800000|  0%| F|  |TAMS 0x0000000651400000, 0x0000000651400000| Untracked 
| 326|0x0000000651800000, 0x0000000651800000, 0x0000000651c00000|  0%| F|  |TAMS 0x0000000651800000, 0x0000000651800000| Untracked 
| 327|0x0000000651c00000, 0x0000000651c00000, 0x0000000652000000|  0%| F|  |TAMS 0x0000000651c00000, 0x0000000651c00000| Untracked 
| 328|0x0000000652000000, 0x0000000652000000, 0x0000000652400000|  0%| F|  |TAMS 0x0000000652000000, 0x0000000652000000| Untracked 
| 329|0x0000000652400000, 0x0000000652400000, 0x0000000652800000|  0%| F|  |TAMS 0x0000000652400000, 0x0000000652400000| Untracked 
| 330|0x0000000652800000, 0x0000000652800000, 0x0000000652c00000|  0%| F|  |TAMS 0x0000000652800000, 0x0000000652800000| Untracked 
| 331|0x0000000652c00000, 0x0000000652c00000, 0x0000000653000000|  0%| F|  |TAMS 0x0000000652c00000, 0x0000000652c00000| Untracked 
| 332|0x0000000653000000, 0x0000000653000000, 0x0000000653400000|  0%| F|  |TAMS 0x0000000653000000, 0x0000000653000000| Untracked 
| 333|0x0000000653400000, 0x0000000653400000, 0x0000000653800000|  0%| F|  |TAMS 0x0000000653400000, 0x0000000653400000| Untracked 
| 334|0x0000000653800000, 0x0000000653800000, 0x0000000653c00000|  0%| F|  |TAMS 0x0000000653800000, 0x0000000653800000| Untracked 
| 335|0x0000000653c00000, 0x0000000653c00000, 0x0000000654000000|  0%| F|  |TAMS 0x0000000653c00000, 0x0000000653c00000| Untracked 
| 336|0x0000000654000000, 0x0000000654000000, 0x0000000654400000|  0%| F|  |TAMS 0x0000000654000000, 0x0000000654000000| Untracked 
| 337|0x0000000654400000, 0x0000000654400000, 0x0000000654800000|  0%| F|  |TAMS 0x0000000654400000, 0x0000000654400000| Untracked 
| 338|0x0000000654800000, 0x0000000654800000, 0x0000000654c00000|  0%| F|  |TAMS 0x0000000654800000, 0x0000000654800000| Untracked 
| 339|0x0000000654c00000, 0x0000000654c00000, 0x0000000655000000|  0%| F|  |TAMS 0x0000000654c00000, 0x0000000654c00000| Untracked 
| 340|0x0000000655000000, 0x0000000655000000, 0x0000000655400000|  0%| F|  |TAMS 0x0000000655000000, 0x0000000655000000| Untracked 
| 341|0x0000000655400000, 0x0000000655400000, 0x0000000655800000|  0%| F|  |TAMS 0x0000000655400000, 0x0000000655400000| Untracked 
| 342|0x0000000655800000, 0x0000000655800000, 0x0000000655c00000|  0%| F|  |TAMS 0x0000000655800000, 0x0000000655800000| Untracked 
| 343|0x0000000655c00000, 0x0000000655c00000, 0x0000000656000000|  0%| F|  |TAMS 0x0000000655c00000, 0x0000000655c00000| Untracked 
| 344|0x0000000656000000, 0x0000000656000000, 0x0000000656400000|  0%| F|  |TAMS 0x0000000656000000, 0x0000000656000000| Untracked 
| 345|0x0000000656400000, 0x0000000656400000, 0x0000000656800000|  0%| F|  |TAMS 0x0000000656400000, 0x0000000656400000| Untracked 
| 346|0x0000000656800000, 0x0000000656800000, 0x0000000656c00000|  0%| F|  |TAMS 0x0000000656800000, 0x0000000656800000| Untracked 
| 347|0x0000000656c00000, 0x0000000656c00000, 0x0000000657000000|  0%| F|  |TAMS 0x0000000656c00000, 0x0000000656c00000| Untracked 
| 348|0x0000000657000000, 0x0000000657000000, 0x0000000657400000|  0%| F|  |TAMS 0x0000000657000000, 0x0000000657000000| Untracked 
| 349|0x0000000657400000, 0x0000000657400000, 0x0000000657800000|  0%| F|  |TAMS 0x0000000657400000, 0x0000000657400000| Untracked 
| 350|0x0000000657800000, 0x0000000657800000, 0x0000000657c00000|  0%| F|  |TAMS 0x0000000657800000, 0x0000000657800000| Untracked 
| 351|0x0000000657c00000, 0x0000000657c00000, 0x0000000658000000|  0%| F|  |TAMS 0x0000000657c00000, 0x0000000657c00000| Untracked 
| 352|0x0000000658000000, 0x0000000658000000, 0x0000000658400000|  0%| F|  |TAMS 0x0000000658000000, 0x0000000658000000| Untracked 
| 353|0x0000000658400000, 0x0000000658400000, 0x0000000658800000|  0%| F|  |TAMS 0x0000000658400000, 0x0000000658400000| Untracked 
| 354|0x0000000658800000, 0x0000000658800000, 0x0000000658c00000|  0%| F|  |TAMS 0x0000000658800000, 0x0000000658800000| Untracked 
| 355|0x0000000658c00000, 0x0000000658c00000, 0x0000000659000000|  0%| F|  |TAMS 0x0000000658c00000, 0x0000000658c00000| Untracked 
| 356|0x0000000659000000, 0x0000000659000000, 0x0000000659400000|  0%| F|  |TAMS 0x0000000659000000, 0x0000000659000000| Untracked 
| 357|0x0000000659400000, 0x0000000659400000, 0x0000000659800000|  0%| F|  |TAMS 0x0000000659400000, 0x0000000659400000| Untracked 
| 358|0x0000000659800000, 0x0000000659800000, 0x0000000659c00000|  0%| F|  |TAMS 0x0000000659800000, 0x0000000659800000| Untracked 
| 359|0x0000000659c00000, 0x0000000659c00000, 0x000000065a000000|  0%| F|  |TAMS 0x0000000659c00000, 0x0000000659c00000| Untracked 
| 360|0x000000065a000000, 0x000000065a000000, 0x000000065a400000|  0%| F|  |TAMS 0x000000065a000000, 0x000000065a000000| Untracked 
| 361|0x000000065a400000, 0x000000065a400000, 0x000000065a800000|  0%| F|  |TAMS 0x000000065a400000, 0x000000065a400000| Untracked 
| 362|0x000000065a800000, 0x000000065a800000, 0x000000065ac00000|  0%| F|  |TAMS 0x000000065a800000, 0x000000065a800000| Untracked 
| 363|0x000000065ac00000, 0x000000065ac00000, 0x000000065b000000|  0%| F|  |TAMS 0x000000065ac00000, 0x000000065ac00000| Untracked 
| 364|0x000000065b000000, 0x000000065b000000, 0x000000065b400000|  0%| F|  |TAMS 0x000000065b000000, 0x000000065b000000| Untracked 
| 365|0x000000065b400000, 0x000000065b400000, 0x000000065b800000|  0%| F|  |TAMS 0x000000065b400000, 0x000000065b400000| Untracked 
| 366|0x000000065b800000, 0x000000065b800000, 0x000000065bc00000|  0%| F|  |TAMS 0x000000065b800000, 0x000000065b800000| Untracked 
| 367|0x000000065bc00000, 0x000000065bc00000, 0x000000065c000000|  0%| F|  |TAMS 0x000000065bc00000, 0x000000065bc00000| Untracked 
| 368|0x000000065c000000, 0x000000065c000000, 0x000000065c400000|  0%| F|  |TAMS 0x000000065c000000, 0x000000065c000000| Untracked 
| 369|0x000000065c400000, 0x000000065c400000, 0x000000065c800000|  0%| F|  |TAMS 0x000000065c400000, 0x000000065c400000| Untracked 
| 370|0x000000065c800000, 0x000000065c800000, 0x000000065cc00000|  0%| F|  |TAMS 0x000000065c800000, 0x000000065c800000| Untracked 
| 371|0x000000065cc00000, 0x000000065cc00000, 0x000000065d000000|  0%| F|  |TAMS 0x000000065cc00000, 0x000000065cc00000| Untracked 
| 372|0x000000065d000000, 0x000000065d000000, 0x000000065d400000|  0%| F|  |TAMS 0x000000065d000000, 0x000000065d000000| Untracked 
| 373|0x000000065d400000, 0x000000065d400000, 0x000000065d800000|  0%| F|  |TAMS 0x000000065d400000, 0x000000065d400000| Untracked 
| 374|0x000000065d800000, 0x000000065d800000, 0x000000065dc00000|  0%| F|  |TAMS 0x000000065d800000, 0x000000065d800000| Untracked 
| 375|0x000000065dc00000, 0x000000065dc00000, 0x000000065e000000|  0%| F|  |TAMS 0x000000065dc00000, 0x000000065dc00000| Untracked 
| 376|0x000000065e000000, 0x000000065e000000, 0x000000065e400000|  0%| F|  |TAMS 0x000000065e000000, 0x000000065e000000| Untracked 
| 377|0x000000065e400000, 0x000000065e400000, 0x000000065e800000|  0%| F|  |TAMS 0x000000065e400000, 0x000000065e400000| Untracked 
| 378|0x000000065e800000, 0x000000065e800000, 0x000000065ec00000|  0%| F|  |TAMS 0x000000065e800000, 0x000000065e800000| Untracked 
| 379|0x000000065ec00000, 0x000000065ec00000, 0x000000065f000000|  0%| F|  |TAMS 0x000000065ec00000, 0x000000065ec00000| Untracked 
| 380|0x000000065f000000, 0x000000065f000000, 0x000000065f400000|  0%| F|  |TAMS 0x000000065f000000, 0x000000065f000000| Untracked 
| 381|0x000000065f400000, 0x000000065f400000, 0x000000065f800000|  0%| F|  |TAMS 0x000000065f400000, 0x000000065f400000| Untracked 
| 382|0x000000065f800000, 0x000000065f800000, 0x000000065fc00000|  0%| F|  |TAMS 0x000000065f800000, 0x000000065f800000| Untracked 
| 383|0x000000065fc00000, 0x000000065fc00000, 0x0000000660000000|  0%| F|  |TAMS 0x000000065fc00000, 0x000000065fc00000| Untracked 
| 384|0x0000000660000000, 0x0000000660000000, 0x0000000660400000|  0%| F|  |TAMS 0x0000000660000000, 0x0000000660000000| Untracked 
| 385|0x0000000660400000, 0x0000000660400000, 0x0000000660800000|  0%| F|  |TAMS 0x0000000660400000, 0x0000000660400000| Untracked 
| 386|0x0000000660800000, 0x0000000660800000, 0x0000000660c00000|  0%| F|  |TAMS 0x0000000660800000, 0x0000000660800000| Untracked 
| 387|0x0000000660c00000, 0x0000000660c00000, 0x0000000661000000|  0%| F|  |TAMS 0x0000000660c00000, 0x0000000660c00000| Untracked 
| 388|0x0000000661000000, 0x0000000661000000, 0x0000000661400000|  0%| F|  |TAMS 0x0000000661000000, 0x0000000661000000| Untracked 
| 389|0x0000000661400000, 0x0000000661400000, 0x0000000661800000|  0%| F|  |TAMS 0x0000000661400000, 0x0000000661400000| Untracked 
| 390|0x0000000661800000, 0x0000000661800000, 0x0000000661c00000|  0%| F|  |TAMS 0x0000000661800000, 0x0000000661800000| Untracked 
| 391|0x0000000661c00000, 0x0000000661c00000, 0x0000000662000000|  0%| F|  |TAMS 0x0000000661c00000, 0x0000000661c00000| Untracked 
| 392|0x0000000662000000, 0x0000000662000000, 0x0000000662400000|  0%| F|  |TAMS 0x0000000662000000, 0x0000000662000000| Untracked 
| 393|0x0000000662400000, 0x0000000662400000, 0x0000000662800000|  0%| F|  |TAMS 0x0000000662400000, 0x0000000662400000| Untracked 
| 394|0x0000000662800000, 0x0000000662800000, 0x0000000662c00000|  0%| F|  |TAMS 0x0000000662800000, 0x0000000662800000| Untracked 
| 395|0x0000000662c00000, 0x0000000662c00000, 0x0000000663000000|  0%| F|  |TAMS 0x0000000662c00000, 0x0000000662c00000| Untracked 
| 396|0x0000000663000000, 0x0000000663384a60, 0x0000000663400000| 87%| S|CS|TAMS 0x0000000663000000, 0x0000000663000000| Complete 
| 397|0x0000000663400000, 0x0000000663800000, 0x0000000663800000|100%| S|CS|TAMS 0x0000000663400000, 0x0000000663400000| Complete 
| 398|0x0000000663800000, 0x0000000663c00000, 0x0000000663c00000|100%| S|CS|TAMS 0x0000000663800000, 0x0000000663800000| Complete 
| 399|0x0000000663c00000, 0x0000000664000000, 0x0000000664000000|100%| S|CS|TAMS 0x0000000663c00000, 0x0000000663c00000| Complete 
| 400|0x0000000664000000, 0x0000000664400000, 0x0000000664400000|100%| S|CS|TAMS 0x0000000664000000, 0x0000000664000000| Complete 
| 401|0x0000000664400000, 0x0000000664800000, 0x0000000664800000|100%| S|CS|TAMS 0x0000000664400000, 0x0000000664400000| Complete 
| 402|0x0000000664800000, 0x0000000664c00000, 0x0000000664c00000|100%| S|CS|TAMS 0x0000000664800000, 0x0000000664800000| Complete 
| 403|0x0000000664c00000, 0x0000000665000000, 0x0000000665000000|100%| S|CS|TAMS 0x0000000664c00000, 0x0000000664c00000| Complete 
| 404|0x0000000665000000, 0x0000000665400000, 0x0000000665400000|100%| S|CS|TAMS 0x0000000665000000, 0x0000000665000000| Complete 
| 405|0x0000000665400000, 0x0000000665800000, 0x0000000665800000|100%| S|CS|TAMS 0x0000000665400000, 0x0000000665400000| Complete 
| 406|0x0000000665800000, 0x0000000665c00000, 0x0000000665c00000|100%| S|CS|TAMS 0x0000000665800000, 0x0000000665800000| Complete 
| 407|0x0000000665c00000, 0x0000000666000000, 0x0000000666000000|100%| S|CS|TAMS 0x0000000665c00000, 0x0000000665c00000| Complete 
| 408|0x0000000666000000, 0x0000000666000000, 0x0000000666400000|  0%| F|  |TAMS 0x0000000666000000, 0x0000000666000000| Untracked 
| 409|0x0000000666400000, 0x0000000666400000, 0x0000000666800000|  0%| F|  |TAMS 0x0000000666400000, 0x0000000666400000| Untracked 
| 410|0x0000000666800000, 0x0000000666800000, 0x0000000666c00000|  0%| F|  |TAMS 0x0000000666800000, 0x0000000666800000| Untracked 
| 411|0x0000000666c00000, 0x0000000666c00000, 0x0000000667000000|  0%| F|  |TAMS 0x0000000666c00000, 0x0000000666c00000| Untracked 
| 412|0x0000000667000000, 0x0000000667000000, 0x0000000667400000|  0%| F|  |TAMS 0x0000000667000000, 0x0000000667000000| Untracked 
| 413|0x0000000667400000, 0x0000000667400000, 0x0000000667800000|  0%| F|  |TAMS 0x0000000667400000, 0x0000000667400000| Untracked 
| 414|0x0000000667800000, 0x0000000667800000, 0x0000000667c00000|  0%| F|  |TAMS 0x0000000667800000, 0x0000000667800000| Untracked 
| 415|0x0000000667c00000, 0x0000000667c00000, 0x0000000668000000|  0%| F|  |TAMS 0x0000000667c00000, 0x0000000667c00000| Untracked 
| 416|0x0000000668000000, 0x0000000668000000, 0x0000000668400000|  0%| F|  |TAMS 0x0000000668000000, 0x0000000668000000| Untracked 
| 417|0x0000000668400000, 0x0000000668400000, 0x0000000668800000|  0%| F|  |TAMS 0x0000000668400000, 0x0000000668400000| Untracked 
| 418|0x0000000668800000, 0x0000000668800000, 0x0000000668c00000|  0%| F|  |TAMS 0x0000000668800000, 0x0000000668800000| Untracked 
| 419|0x0000000668c00000, 0x0000000668c00000, 0x0000000669000000|  0%| F|  |TAMS 0x0000000668c00000, 0x0000000668c00000| Untracked 
| 420|0x0000000669000000, 0x0000000669000000, 0x0000000669400000|  0%| F|  |TAMS 0x0000000669000000, 0x0000000669000000| Untracked 
| 421|0x0000000669400000, 0x0000000669400000, 0x0000000669800000|  0%| F|  |TAMS 0x0000000669400000, 0x0000000669400000| Untracked 
| 422|0x0000000669800000, 0x0000000669800000, 0x0000000669c00000|  0%| F|  |TAMS 0x0000000669800000, 0x0000000669800000| Untracked 
| 423|0x0000000669c00000, 0x0000000669c00000, 0x000000066a000000|  0%| F|  |TAMS 0x0000000669c00000, 0x0000000669c00000| Untracked 
| 424|0x000000066a000000, 0x000000066a000000, 0x000000066a400000|  0%| F|  |TAMS 0x000000066a000000, 0x000000066a000000| Untracked 
| 425|0x000000066a400000, 0x000000066a400000, 0x000000066a800000|  0%| F|  |TAMS 0x000000066a400000, 0x000000066a400000| Untracked 
| 426|0x000000066a800000, 0x000000066a800000, 0x000000066ac00000|  0%| F|  |TAMS 0x000000066a800000, 0x000000066a800000| Untracked 
| 427|0x000000066ac00000, 0x000000066ac00000, 0x000000066b000000|  0%| F|  |TAMS 0x000000066ac00000, 0x000000066ac00000| Untracked 
| 428|0x000000066b000000, 0x000000066b000000, 0x000000066b400000|  0%| F|  |TAMS 0x000000066b000000, 0x000000066b000000| Untracked 
| 429|0x000000066b400000, 0x000000066b400000, 0x000000066b800000|  0%| F|  |TAMS 0x000000066b400000, 0x000000066b400000| Untracked 
| 430|0x000000066b800000, 0x000000066b800000, 0x000000066bc00000|  0%| F|  |TAMS 0x000000066b800000, 0x000000066b800000| Untracked 
| 431|0x000000066bc00000, 0x000000066bc00000, 0x000000066c000000|  0%| F|  |TAMS 0x000000066bc00000, 0x000000066bc00000| Untracked 
| 432|0x000000066c000000, 0x000000066c000000, 0x000000066c400000|  0%| F|  |TAMS 0x000000066c000000, 0x000000066c000000| Untracked 
| 433|0x000000066c400000, 0x000000066c400000, 0x000000066c800000|  0%| F|  |TAMS 0x000000066c400000, 0x000000066c400000| Untracked 
| 434|0x000000066c800000, 0x000000066c800000, 0x000000066cc00000|  0%| F|  |TAMS 0x000000066c800000, 0x000000066c800000| Untracked 
| 435|0x000000066cc00000, 0x000000066cc00000, 0x000000066d000000|  0%| F|  |TAMS 0x000000066cc00000, 0x000000066cc00000| Untracked 
| 436|0x000000066d000000, 0x000000066d000000, 0x000000066d400000|  0%| F|  |TAMS 0x000000066d000000, 0x000000066d000000| Untracked 
| 437|0x000000066d400000, 0x000000066d400000, 0x000000066d800000|  0%| F|  |TAMS 0x000000066d400000, 0x000000066d400000| Untracked 
| 438|0x000000066d800000, 0x000000066d800000, 0x000000066dc00000|  0%| F|  |TAMS 0x000000066d800000, 0x000000066d800000| Untracked 
| 439|0x000000066dc00000, 0x000000066dc00000, 0x000000066e000000|  0%| F|  |TAMS 0x000000066dc00000, 0x000000066dc00000| Untracked 
| 440|0x000000066e000000, 0x000000066e000000, 0x000000066e400000|  0%| F|  |TAMS 0x000000066e000000, 0x000000066e000000| Untracked 
| 441|0x000000066e400000, 0x000000066e400000, 0x000000066e800000|  0%| F|  |TAMS 0x000000066e400000, 0x000000066e400000| Untracked 
| 442|0x000000066e800000, 0x000000066e800000, 0x000000066ec00000|  0%| F|  |TAMS 0x000000066e800000, 0x000000066e800000| Untracked 
| 443|0x000000066ec00000, 0x000000066ec00000, 0x000000066f000000|  0%| F|  |TAMS 0x000000066ec00000, 0x000000066ec00000| Untracked 
| 444|0x000000066f000000, 0x000000066f000000, 0x000000066f400000|  0%| F|  |TAMS 0x000000066f000000, 0x000000066f000000| Untracked 
| 445|0x000000066f400000, 0x000000066f400000, 0x000000066f800000|  0%| F|  |TAMS 0x000000066f400000, 0x000000066f400000| Untracked 
| 446|0x000000066f800000, 0x000000066f800000, 0x000000066fc00000|  0%| F|  |TAMS 0x000000066f800000, 0x000000066f800000| Untracked 
| 447|0x000000066fc00000, 0x000000066fc00000, 0x0000000670000000|  0%| F|  |TAMS 0x000000066fc00000, 0x000000066fc00000| Untracked 
| 448|0x0000000670000000, 0x0000000670000000, 0x0000000670400000|  0%| F|  |TAMS 0x0000000670000000, 0x0000000670000000| Untracked 
| 449|0x0000000670400000, 0x0000000670400000, 0x0000000670800000|  0%| F|  |TAMS 0x0000000670400000, 0x0000000670400000| Untracked 
| 450|0x0000000670800000, 0x0000000670800000, 0x0000000670c00000|  0%| F|  |TAMS 0x0000000670800000, 0x0000000670800000| Untracked 
| 451|0x0000000670c00000, 0x0000000670c00000, 0x0000000671000000|  0%| F|  |TAMS 0x0000000670c00000, 0x0000000670c00000| Untracked 
| 452|0x0000000671000000, 0x0000000671000000, 0x0000000671400000|  0%| F|  |TAMS 0x0000000671000000, 0x0000000671000000| Untracked 
| 453|0x0000000671400000, 0x0000000671400000, 0x0000000671800000|  0%| F|  |TAMS 0x0000000671400000, 0x0000000671400000| Untracked 
| 454|0x0000000671800000, 0x0000000671800000, 0x0000000671c00000|  0%| F|  |TAMS 0x0000000671800000, 0x0000000671800000| Untracked 
| 455|0x0000000671c00000, 0x0000000671c00000, 0x0000000672000000|  0%| F|  |TAMS 0x0000000671c00000, 0x0000000671c00000| Untracked 
| 456|0x0000000672000000, 0x0000000672000000, 0x0000000672400000|  0%| F|  |TAMS 0x0000000672000000, 0x0000000672000000| Untracked 
| 457|0x0000000672400000, 0x0000000672400000, 0x0000000672800000|  0%| F|  |TAMS 0x0000000672400000, 0x0000000672400000| Untracked 
| 458|0x0000000672800000, 0x0000000672800000, 0x0000000672c00000|  0%| F|  |TAMS 0x0000000672800000, 0x0000000672800000| Untracked 
| 459|0x0000000672c00000, 0x0000000672c00000, 0x0000000673000000|  0%| F|  |TAMS 0x0000000672c00000, 0x0000000672c00000| Untracked 
| 460|0x0000000673000000, 0x0000000673000000, 0x0000000673400000|  0%| F|  |TAMS 0x0000000673000000, 0x0000000673000000| Untracked 
| 461|0x0000000673400000, 0x0000000673400000, 0x0000000673800000|  0%| F|  |TAMS 0x0000000673400000, 0x0000000673400000| Untracked 
| 462|0x0000000673800000, 0x0000000673800000, 0x0000000673c00000|  0%| F|  |TAMS 0x0000000673800000, 0x0000000673800000| Untracked 
| 463|0x0000000673c00000, 0x0000000673c00000, 0x0000000674000000|  0%| F|  |TAMS 0x0000000673c00000, 0x0000000673c00000| Untracked 
| 464|0x0000000674000000, 0x0000000674000000, 0x0000000674400000|  0%| F|  |TAMS 0x0000000674000000, 0x0000000674000000| Untracked 
| 465|0x0000000674400000, 0x0000000674400000, 0x0000000674800000|  0%| F|  |TAMS 0x0000000674400000, 0x0000000674400000| Untracked 
| 466|0x0000000674800000, 0x0000000674800000, 0x0000000674c00000|  0%| F|  |TAMS 0x0000000674800000, 0x0000000674800000| Untracked 
| 467|0x0000000674c00000, 0x0000000674c00000, 0x0000000675000000|  0%| F|  |TAMS 0x0000000674c00000, 0x0000000674c00000| Untracked 
| 468|0x0000000675000000, 0x0000000675000000, 0x0000000675400000|  0%| F|  |TAMS 0x0000000675000000, 0x0000000675000000| Untracked 
| 469|0x0000000675400000, 0x0000000675400000, 0x0000000675800000|  0%| F|  |TAMS 0x0000000675400000, 0x0000000675400000| Untracked 
| 470|0x0000000675800000, 0x0000000675800000, 0x0000000675c00000|  0%| F|  |TAMS 0x0000000675800000, 0x0000000675800000| Untracked 
| 471|0x0000000675c00000, 0x0000000675c00000, 0x0000000676000000|  0%| F|  |TAMS 0x0000000675c00000, 0x0000000675c00000| Untracked 
| 472|0x0000000676000000, 0x0000000676000000, 0x0000000676400000|  0%| F|  |TAMS 0x0000000676000000, 0x0000000676000000| Untracked 
| 473|0x0000000676400000, 0x0000000676400000, 0x0000000676800000|  0%| F|  |TAMS 0x0000000676400000, 0x0000000676400000| Untracked 
| 474|0x0000000676800000, 0x0000000676800000, 0x0000000676c00000|  0%| F|  |TAMS 0x0000000676800000, 0x0000000676800000| Untracked 
| 475|0x0000000676c00000, 0x0000000676c00000, 0x0000000677000000|  0%| F|  |TAMS 0x0000000676c00000, 0x0000000676c00000| Untracked 
| 476|0x0000000677000000, 0x0000000677000000, 0x0000000677400000|  0%| F|  |TAMS 0x0000000677000000, 0x0000000677000000| Untracked 
| 477|0x0000000677400000, 0x0000000677400000, 0x0000000677800000|  0%| F|  |TAMS 0x0000000677400000, 0x0000000677400000| Untracked 
| 478|0x0000000677800000, 0x0000000677800000, 0x0000000677c00000|  0%| F|  |TAMS 0x0000000677800000, 0x0000000677800000| Untracked 
| 479|0x0000000677c00000, 0x0000000677c00000, 0x0000000678000000|  0%| F|  |TAMS 0x0000000677c00000, 0x0000000677c00000| Untracked 
| 480|0x0000000678000000, 0x0000000678000000, 0x0000000678400000|  0%| F|  |TAMS 0x0000000678000000, 0x0000000678000000| Untracked 
| 481|0x0000000678400000, 0x0000000678400000, 0x0000000678800000|  0%| F|  |TAMS 0x0000000678400000, 0x0000000678400000| Untracked 
| 482|0x0000000678800000, 0x0000000678800000, 0x0000000678c00000|  0%| F|  |TAMS 0x0000000678800000, 0x0000000678800000| Untracked 
| 483|0x0000000678c00000, 0x0000000678c00000, 0x0000000679000000|  0%| F|  |TAMS 0x0000000678c00000, 0x0000000678c00000| Untracked 
| 484|0x0000000679000000, 0x0000000679000000, 0x0000000679400000|  0%| F|  |TAMS 0x0000000679000000, 0x0000000679000000| Untracked 
| 485|0x0000000679400000, 0x0000000679400000, 0x0000000679800000|  0%| F|  |TAMS 0x0000000679400000, 0x0000000679400000| Untracked 
| 486|0x0000000679800000, 0x0000000679800000, 0x0000000679c00000|  0%| F|  |TAMS 0x0000000679800000, 0x0000000679800000| Untracked 
| 487|0x0000000679c00000, 0x0000000679c00000, 0x000000067a000000|  0%| F|  |TAMS 0x0000000679c00000, 0x0000000679c00000| Untracked 
| 488|0x000000067a000000, 0x000000067a000000, 0x000000067a400000|  0%| F|  |TAMS 0x000000067a000000, 0x000000067a000000| Untracked 
| 489|0x000000067a400000, 0x000000067a400000, 0x000000067a800000|  0%| F|  |TAMS 0x000000067a400000, 0x000000067a400000| Untracked 
| 490|0x000000067a800000, 0x000000067a800000, 0x000000067ac00000|  0%| F|  |TAMS 0x000000067a800000, 0x000000067a800000| Untracked 
| 491|0x000000067ac00000, 0x000000067ac00000, 0x000000067b000000|  0%| F|  |TAMS 0x000000067ac00000, 0x000000067ac00000| Untracked 
| 492|0x000000067b000000, 0x000000067b000000, 0x000000067b400000|  0%| F|  |TAMS 0x000000067b000000, 0x000000067b000000| Untracked 
| 493|0x000000067b400000, 0x000000067b400000, 0x000000067b800000|  0%| F|  |TAMS 0x000000067b400000, 0x000000067b400000| Untracked 
| 494|0x000000067b800000, 0x000000067b800000, 0x000000067bc00000|  0%| F|  |TAMS 0x000000067b800000, 0x000000067b800000| Untracked 
| 495|0x000000067bc00000, 0x000000067bc00000, 0x000000067c000000|  0%| F|  |TAMS 0x000000067bc00000, 0x000000067bc00000| Untracked 
| 496|0x000000067c000000, 0x000000067c000000, 0x000000067c400000|  0%| F|  |TAMS 0x000000067c000000, 0x000000067c000000| Untracked 
| 497|0x000000067c400000, 0x000000067c400000, 0x000000067c800000|  0%| F|  |TAMS 0x000000067c400000, 0x000000067c400000| Untracked 
| 498|0x000000067c800000, 0x000000067c800000, 0x000000067cc00000|  0%| F|  |TAMS 0x000000067c800000, 0x000000067c800000| Untracked 
| 499|0x000000067cc00000, 0x000000067cc00000, 0x000000067d000000|  0%| F|  |TAMS 0x000000067cc00000, 0x000000067cc00000| Untracked 
| 500|0x000000067d000000, 0x000000067d000000, 0x000000067d400000|  0%| F|  |TAMS 0x000000067d000000, 0x000000067d000000| Untracked 
| 501|0x000000067d400000, 0x000000067d400000, 0x000000067d800000|  0%| F|  |TAMS 0x000000067d400000, 0x000000067d400000| Untracked 
| 502|0x000000067d800000, 0x000000067d800000, 0x000000067dc00000|  0%| F|  |TAMS 0x000000067d800000, 0x000000067d800000| Untracked 
| 503|0x000000067dc00000, 0x000000067dc00000, 0x000000067e000000|  0%| F|  |TAMS 0x000000067dc00000, 0x000000067dc00000| Untracked 
| 504|0x000000067e000000, 0x000000067e000000, 0x000000067e400000|  0%| F|  |TAMS 0x000000067e000000, 0x000000067e000000| Untracked 
| 505|0x000000067e400000, 0x000000067e400000, 0x000000067e800000|  0%| F|  |TAMS 0x000000067e400000, 0x000000067e400000| Untracked 
| 506|0x000000067e800000, 0x000000067e800000, 0x000000067ec00000|  0%| F|  |TAMS 0x000000067e800000, 0x000000067e800000| Untracked 
| 507|0x000000067ec00000, 0x000000067ec00000, 0x000000067f000000|  0%| F|  |TAMS 0x000000067ec00000, 0x000000067ec00000| Untracked 
| 508|0x000000067f000000, 0x000000067f000000, 0x000000067f400000|  0%| F|  |TAMS 0x000000067f000000, 0x000000067f000000| Untracked 
| 509|0x000000067f400000, 0x000000067f400000, 0x000000067f800000|  0%| F|  |TAMS 0x000000067f400000, 0x000000067f400000| Untracked 
| 510|0x000000067f800000, 0x000000067f800000, 0x000000067fc00000|  0%| F|  |TAMS 0x000000067f800000, 0x000000067f800000| Untracked 
| 511|0x000000067fc00000, 0x000000067fc00000, 0x0000000680000000|  0%| F|  |TAMS 0x000000067fc00000, 0x000000067fc00000| Untracked 
| 512|0x0000000680000000, 0x0000000680000000, 0x0000000680400000|  0%| F|  |TAMS 0x0000000680000000, 0x0000000680000000| Untracked 
| 513|0x0000000680400000, 0x0000000680400000, 0x0000000680800000|  0%| F|  |TAMS 0x0000000680400000, 0x0000000680400000| Untracked 
| 514|0x0000000680800000, 0x0000000680800000, 0x0000000680c00000|  0%| F|  |TAMS 0x0000000680800000, 0x0000000680800000| Untracked 
| 515|0x0000000680c00000, 0x0000000680c00000, 0x0000000681000000|  0%| F|  |TAMS 0x0000000680c00000, 0x0000000680c00000| Untracked 
| 516|0x0000000681000000, 0x0000000681000000, 0x0000000681400000|  0%| F|  |TAMS 0x0000000681000000, 0x0000000681000000| Untracked 
| 517|0x0000000681400000, 0x0000000681400000, 0x0000000681800000|  0%| F|  |TAMS 0x0000000681400000, 0x0000000681400000| Untracked 
| 518|0x0000000681800000, 0x0000000681800000, 0x0000000681c00000|  0%| F|  |TAMS 0x0000000681800000, 0x0000000681800000| Untracked 
| 519|0x0000000681c00000, 0x0000000681c00000, 0x0000000682000000|  0%| F|  |TAMS 0x0000000681c00000, 0x0000000681c00000| Untracked 
| 520|0x0000000682000000, 0x0000000682000000, 0x0000000682400000|  0%| F|  |TAMS 0x0000000682000000, 0x0000000682000000| Untracked 
| 521|0x0000000682400000, 0x0000000682400000, 0x0000000682800000|  0%| F|  |TAMS 0x0000000682400000, 0x0000000682400000| Untracked 
| 522|0x0000000682800000, 0x0000000682800000, 0x0000000682c00000|  0%| F|  |TAMS 0x0000000682800000, 0x0000000682800000| Untracked 
| 523|0x0000000682c00000, 0x0000000682c00000, 0x0000000683000000|  0%| F|  |TAMS 0x0000000682c00000, 0x0000000682c00000| Untracked 
| 524|0x0000000683000000, 0x0000000683000000, 0x0000000683400000|  0%| F|  |TAMS 0x0000000683000000, 0x0000000683000000| Untracked 
| 525|0x0000000683400000, 0x0000000683400000, 0x0000000683800000|  0%| F|  |TAMS 0x0000000683400000, 0x0000000683400000| Untracked 
| 526|0x0000000683800000, 0x0000000683800000, 0x0000000683c00000|  0%| F|  |TAMS 0x0000000683800000, 0x0000000683800000| Untracked 
| 527|0x0000000683c00000, 0x0000000683c00000, 0x0000000684000000|  0%| F|  |TAMS 0x0000000683c00000, 0x0000000683c00000| Untracked 
| 528|0x0000000684000000, 0x0000000684000000, 0x0000000684400000|  0%| F|  |TAMS 0x0000000684000000, 0x0000000684000000| Untracked 
| 529|0x0000000684400000, 0x0000000684400000, 0x0000000684800000|  0%| F|  |TAMS 0x0000000684400000, 0x0000000684400000| Untracked 
| 530|0x0000000684800000, 0x0000000684800000, 0x0000000684c00000|  0%| F|  |TAMS 0x0000000684800000, 0x0000000684800000| Untracked 
| 531|0x0000000684c00000, 0x0000000684c00000, 0x0000000685000000|  0%| F|  |TAMS 0x0000000684c00000, 0x0000000684c00000| Untracked 
| 532|0x0000000685000000, 0x0000000685000000, 0x0000000685400000|  0%| F|  |TAMS 0x0000000685000000, 0x0000000685000000| Untracked 
| 533|0x0000000685400000, 0x0000000685400000, 0x0000000685800000|  0%| F|  |TAMS 0x0000000685400000, 0x0000000685400000| Untracked 
| 534|0x0000000685800000, 0x0000000685800000, 0x0000000685c00000|  0%| F|  |TAMS 0x0000000685800000, 0x0000000685800000| Untracked 
| 535|0x0000000685c00000, 0x0000000685c00000, 0x0000000686000000|  0%| F|  |TAMS 0x0000000685c00000, 0x0000000685c00000| Untracked 
| 536|0x0000000686000000, 0x0000000686000000, 0x0000000686400000|  0%| F|  |TAMS 0x0000000686000000, 0x0000000686000000| Untracked 
| 537|0x0000000686400000, 0x0000000686400000, 0x0000000686800000|  0%| F|  |TAMS 0x0000000686400000, 0x0000000686400000| Untracked 
| 538|0x0000000686800000, 0x0000000686800000, 0x0000000686c00000|  0%| F|  |TAMS 0x0000000686800000, 0x0000000686800000| Untracked 
| 539|0x0000000686c00000, 0x0000000686c00000, 0x0000000687000000|  0%| F|  |TAMS 0x0000000686c00000, 0x0000000686c00000| Untracked 
| 540|0x0000000687000000, 0x0000000687000000, 0x0000000687400000|  0%| F|  |TAMS 0x0000000687000000, 0x0000000687000000| Untracked 
| 541|0x0000000687400000, 0x0000000687400000, 0x0000000687800000|  0%| F|  |TAMS 0x0000000687400000, 0x0000000687400000| Untracked 
| 542|0x0000000687800000, 0x0000000687800000, 0x0000000687c00000|  0%| F|  |TAMS 0x0000000687800000, 0x0000000687800000| Untracked 
| 543|0x0000000687c00000, 0x0000000687c00000, 0x0000000688000000|  0%| F|  |TAMS 0x0000000687c00000, 0x0000000687c00000| Untracked 
| 544|0x0000000688000000, 0x0000000688000000, 0x0000000688400000|  0%| F|  |TAMS 0x0000000688000000, 0x0000000688000000| Untracked 
| 545|0x0000000688400000, 0x0000000688400000, 0x0000000688800000|  0%| F|  |TAMS 0x0000000688400000, 0x0000000688400000| Untracked 
| 546|0x0000000688800000, 0x0000000688800000, 0x0000000688c00000|  0%| F|  |TAMS 0x0000000688800000, 0x0000000688800000| Untracked 
| 547|0x0000000688c00000, 0x0000000688c00000, 0x0000000689000000|  0%| F|  |TAMS 0x0000000688c00000, 0x0000000688c00000| Untracked 
| 548|0x0000000689000000, 0x0000000689000000, 0x0000000689400000|  0%| F|  |TAMS 0x0000000689000000, 0x0000000689000000| Untracked 
| 549|0x0000000689400000, 0x0000000689400000, 0x0000000689800000|  0%| F|  |TAMS 0x0000000689400000, 0x0000000689400000| Untracked 
| 550|0x0000000689800000, 0x0000000689800000, 0x0000000689c00000|  0%| F|  |TAMS 0x0000000689800000, 0x0000000689800000| Untracked 

Card table byte_map: [0x000001ad3a6a0000,0x000001ad3b6a0000] _byte_map_base: 0x000001ad376a0000

Marking Bits (Prev, Next): (CMBitMap*) 0x000001ad1172ad90, (CMBitMap*) 0x000001ad1172add0
 Prev Bits: [0x000001ad3c6a0000, 0x000001ad446a0000)
 Next Bits: [0x000001ad446a0000, 0x000001ad4c6a0000)

Polling page: 0x000001ad0f5a0000

Metaspace:

Usage:
  Non-class:    167.12 MB used.
      Class:     24.89 MB used.
       Both:    192.02 MB used.

Virtual space:
  Non-class space:      192.00 MB reserved,     167.88 MB ( 87%) committed,  3 nodes.
      Class space:        1.00 GB reserved,      25.56 MB (  2%) committed,  1 nodes.
             Both:        1.19 GB reserved,     193.44 MB ( 16%) committed. 

Chunk freelists:
   Non-Class:  7.62 MB
       Class:  6.47 MB
        Both:  14.09 MB

MaxMetaspaceSize: 4.00 GB
CompressedClassSpaceSize: 1.00 GB
Initial GC threshold: 21.00 MB
Current GC threshold: 284.19 MB
CDS: on
MetaspaceReclaimPolicy: balanced
 - commit_granule_bytes: 65536.
 - commit_granule_words: 8192.
 - virtual_space_node_default_size: 8388608.
 - enlarge_chunks_in_place: 1.
 - new_chunks_are_fully_committed: 0.
 - uncommit_free_chunks: 1.
 - use_allocation_guard: 0.
 - handle_deallocations: 1.


Internal statistics:

num_allocs_failed_limit: 9.
num_arena_births: 2156.
num_arena_deaths: 2.
num_vsnodes_births: 4.
num_vsnodes_deaths: 0.
num_space_committed: 3091.
num_space_uncommitted: 0.
num_chunks_returned_to_freelist: 13.
num_chunks_taken_from_freelist: 10291.
num_chunk_merges: 9.
num_chunk_splits: 7150.
num_chunks_enlarged: 5121.
num_inconsistent_stats: 0.

CodeHeap 'non-profiled nmethods': size=259264Kb used=18460Kb max_used=18460Kb free=240803Kb
 bounds [0x000001ad29200000, 0x000001ad2a410000, 0x000001ad38f30000]
CodeHeap 'profiled nmethods': size=259264Kb used=43676Kb max_used=43676Kb free=215587Kb
 bounds [0x000001ad18f30000, 0x000001ad1b9e0000, 0x000001ad28c60000]
CodeHeap 'non-nmethods': size=5760Kb used=2684Kb max_used=2753Kb free=3075Kb
 bounds [0x000001ad28c60000, 0x000001ad28f20000, 0x000001ad29200000]
 total_blobs=23073 nmethods=21807 adapters=1176
 compilation: enabled
              stopped_count=0, restarted_count=0
 full_count=0

Compilation events (20 events):
Event: 330.894 Thread 0x000001ad4e89c770 27003       3       org.gradle.api.internal.initialization.ClassLoaderScopeIdentifier$Id::hashCode (23 bytes)
Event: 330.895 Thread 0x000001ad4e89c770 nmethod 27003 0x000001ad1b9d2f10 code [0x000001ad1b9d3100, 0x000001ad1b9d3628]
Event: 330.928 Thread 0x000001ad4e89c770 27004       1       org.gradle.groovy.scripts.TextResourceScriptSource::getResource (5 bytes)
Event: 330.929 Thread 0x000001ad4e89c770 nmethod 27004 0x000001ad2a403f10 code [0x000001ad2a4040a0, 0x000001ad2a404178]
Event: 330.937 Thread 0x000001ad4e89c770 27005       3       org.gradle.api.internal.attributes.DefaultCompatibilityRuleChain$ExceptionHandler::<init> (6 bytes)
Event: 330.938 Thread 0x000001ad4e89c770 nmethod 27005 0x000001ad1b9d3890 code [0x000001ad1b9d3a40, 0x000001ad1b9d3c78]
Event: 330.938 Thread 0x000001ad4e89c770 27006       3       org.gradle.api.internal.attributes.DefaultCompatibilityRuleChain$ExceptionHandler::<init> (10 bytes)
Event: 330.938 Thread 0x000001ad4e89c770 nmethod 27006 0x000001ad1b9d3d90 code [0x000001ad1b9d3f20, 0x000001ad1b9d40d8]
Event: 330.941 Thread 0x000001ad4e89be60 nmethod 26994 0x000001ad2a404210 code [0x000001ad2a404520, 0x000001ad2a405bf0]
Event: 330.942 Thread 0x000001ad4e89be60 27001       4       java.io.ObjectOutputStream::<init> (99 bytes)
Event: 330.954 Thread 0x000001ad4e89c770 27007       1       sun.nio.ch.SelectionKeyImpl::nioReadyOps (5 bytes)
Event: 330.955 Thread 0x000001ad4e89c770 nmethod 27007 0x000001ad2a406d90 code [0x000001ad2a406f20, 0x000001ad2a406ff8]
Event: 331.011 Thread 0x000001ad4e89c770 27011       3       org.apache.groovy.json.internal.JsonParserCharArray::decodeString (126 bytes)
Event: 331.013 Thread 0x000001ad4e89c770 nmethod 27011 0x000001ad1b9d4190 code [0x000001ad1b9d43a0, 0x000001ad1b9d4988]
Event: 331.013 Thread 0x000001ad4e89c770 27013       3       org.apache.groovy.json.internal.LazyMap::put (159 bytes)
Event: 331.014 Thread 0x000001ad4e89c770 nmethod 27013 0x000001ad1b9d4c90 code [0x000001ad1b9d4f00, 0x000001ad1b9d5d38]
Event: 331.014 Thread 0x000001ad4e89c770 27012       3       org.apache.groovy.json.internal.JsonParserCharArray::decodeValueInternal (242 bytes)
Event: 331.016 Thread 0x000001ad4e89c770 nmethod 27012 0x000001ad1b9d6110 code [0x000001ad1b9d6380, 0x000001ad1b9d6be8]
Event: 331.054 Thread 0x000001ad4e89c770 27014       3       java.nio.channels.spi.AbstractSelector::isOpen (13 bytes)
Event: 331.055 Thread 0x000001ad4e89c770 nmethod 27014 0x000001ad1b9d6e90 code [0x000001ad1b9d7020, 0x000001ad1b9d7198]

GC Heap History (20 events):
Event: 272.637 GC heap after
{Heap after GC invocations=85 (full 0):
 garbage-first heap   total 811008K, used 284097K [0x0000000600000000, 0x0000000800000000)
  region size 4096K, 2 young (8192K), 2 survivors (8192K)
 Metaspace       used 176693K, committed 177920K, reserved 1245184K
  class space    used 23159K, committed 23744K, reserved 1048576K
}
Event: 273.035 GC heap before
{Heap before GC invocations=85 (full 0):
 garbage-first heap   total 811008K, used 308673K [0x0000000600000000, 0x0000000800000000)
  region size 4096K, 9 young (36864K), 2 survivors (8192K)
 Metaspace       used 176697K, committed 177920K, reserved 1245184K
  class space    used 23160K, committed 23744K, reserved 1048576K
}
Event: 273.040 GC heap after
{Heap after GC invocations=86 (full 0):
 garbage-first heap   total 811008K, used 282569K [0x0000000600000000, 0x0000000800000000)
  region size 4096K, 1 young (4096K), 1 survivors (4096K)
 Metaspace       used 176697K, committed 177920K, reserved 1245184K
  class space    used 23160K, committed 23744K, reserved 1048576K
}
Event: 273.375 GC heap before
{Heap before GC invocations=86 (full 0):
 garbage-first heap   total 811008K, used 311241K [0x0000000600000000, 0x0000000800000000)
  region size 4096K, 9 young (36864K), 1 survivors (4096K)
 Metaspace       used 176706K, committed 177920K, reserved 1245184K
  class space    used 23160K, committed 23744K, reserved 1048576K
}
Event: 273.384 GC heap after
{Heap after GC invocations=87 (full 0):
 garbage-first heap   total 811008K, used 283262K [0x0000000600000000, 0x0000000800000000)
  region size 4096K, 2 young (8192K), 2 survivors (8192K)
 Metaspace       used 176706K, committed 177920K, reserved 1245184K
  class space    used 23160K, committed 23744K, reserved 1048576K
}
Event: 273.605 GC heap before
{Heap before GC invocations=87 (full 0):
 garbage-first heap   total 811008K, used 311934K [0x0000000600000000, 0x0000000800000000)
  region size 4096K, 9 young (36864K), 2 survivors (8192K)
 Metaspace       used 176706K, committed 177920K, reserved 1245184K
  class space    used 23160K, committed 23744K, reserved 1048576K
}
Event: 273.613 GC heap after
{Heap after GC invocations=88 (full 0):
 garbage-first heap   total 811008K, used 284225K [0x0000000600000000, 0x0000000800000000)
  region size 4096K, 2 young (8192K), 2 survivors (8192K)
 Metaspace       used 176706K, committed 177920K, reserved 1245184K
  class space    used 23160K, committed 23744K, reserved 1048576K
}
Event: 273.947 GC heap before
{Heap before GC invocations=88 (full 0):
 garbage-first heap   total 811008K, used 308801K [0x0000000600000000, 0x0000000800000000)
  region size 4096K, 9 young (36864K), 2 survivors (8192K)
 Metaspace       used 176706K, committed 177920K, reserved 1245184K
  class space    used 23160K, committed 23744K, reserved 1048576K
}
Event: 273.974 GC heap after
{Heap after GC invocations=89 (full 0):
 garbage-first heap   total 2256896K, used 284588K [0x0000000600000000, 0x0000000800000000)
  region size 4096K, 2 young (8192K), 2 survivors (8192K)
 Metaspace       used 176706K, committed 177920K, reserved 1245184K
  class space    used 23160K, committed 23744K, reserved 1048576K
}
Event: 274.937 GC heap before
{Heap before GC invocations=89 (full 0):
 garbage-first heap   total 2256896K, used 382892K [0x0000000600000000, 0x0000000800000000)
  region size 4096K, 27 young (110592K), 2 survivors (8192K)
 Metaspace       used 176707K, committed 177920K, reserved 1245184K
  class space    used 23160K, committed 23744K, reserved 1048576K
}
Event: 274.954 GC heap after
{Heap after GC invocations=90 (full 0):
 garbage-first heap   total 2256896K, used 287524K [0x0000000600000000, 0x0000000800000000)
  region size 4096K, 2 young (8192K), 2 survivors (8192K)
 Metaspace       used 176707K, committed 177920K, reserved 1245184K
  class space    used 23160K, committed 23744K, reserved 1048576K
}
Event: 275.832 GC heap before
{Heap before GC invocations=90 (full 0):
 garbage-first heap   total 2256896K, used 385828K [0x0000000600000000, 0x0000000800000000)
  region size 4096K, 27 young (110592K), 2 survivors (8192K)
 Metaspace       used 176707K, committed 177920K, reserved 1245184K
  class space    used 23160K, committed 23744K, reserved 1048576K
}
Event: 275.850 GC heap after
{Heap after GC invocations=91 (full 0):
 garbage-first heap   total 2256896K, used 289256K [0x0000000600000000, 0x0000000800000000)
  region size 4096K, 3 young (12288K), 3 survivors (12288K)
 Metaspace       used 176707K, committed 177920K, reserved 1245184K
  class space    used 23160K, committed 23744K, reserved 1048576K
}
Event: 276.299 GC heap before
{Heap before GC invocations=91 (full 0):
 garbage-first heap   total 2256896K, used 403944K [0x0000000600000000, 0x0000000800000000)
  region size 4096K, 31 young (126976K), 3 survivors (12288K)
 Metaspace       used 176708K, committed 177920K, reserved 1245184K
  class space    used 23160K, committed 23744K, reserved 1048576K
}
Event: 276.349 GC heap after
{Heap after GC invocations=92 (full 0):
 garbage-first heap   total 2256896K, used 290386K [0x0000000600000000, 0x0000000800000000)
  region size 4096K, 3 young (12288K), 3 survivors (12288K)
 Metaspace       used 176708K, committed 177920K, reserved 1245184K
  class space    used 23160K, committed 23744K, reserved 1048576K
}
Event: 279.329 GC heap before
{Heap before GC invocations=92 (full 0):
 garbage-first heap   total 2256896K, used 474706K [0x0000000600000000, 0x0000000800000000)
  region size 4096K, 49 young (200704K), 3 survivors (12288K)
 Metaspace       used 177151K, committed 178368K, reserved 1245184K
  class space    used 23203K, committed 23808K, reserved 1048576K
}
Event: 279.546 GC heap after
{Heap after GC invocations=93 (full 0):
 garbage-first heap   total 2256896K, used 296382K [0x0000000600000000, 0x0000000800000000)
  region size 4096K, 4 young (16384K), 4 survivors (16384K)
 Metaspace       used 177151K, committed 178368K, reserved 1245184K
  class space    used 23203K, committed 23808K, reserved 1048576K
}
Event: 281.100 GC heap before
{Heap before GC invocations=93 (full 0):
 garbage-first heap   total 2256896K, used 411070K [0x0000000600000000, 0x0000000800000000)
  region size 4096K, 32 young (131072K), 4 survivors (16384K)
 Metaspace       used 177637K, committed 179008K, reserved 1245184K
  class space    used 23252K, committed 23872K, reserved 1048576K
}
Event: 281.198 GC heap after
{Heap after GC invocations=94 (full 0):
 garbage-first heap   total 2256896K, used 298921K [0x0000000600000000, 0x0000000800000000)
  region size 4096K, 2 young (8192K), 2 survivors (8192K)
 Metaspace       used 177637K, committed 179008K, reserved 1245184K
  class space    used 23252K, committed 23872K, reserved 1048576K
}
Event: 331.107 GC heap before
{Heap before GC invocations=94 (full 0):
 garbage-first heap   total 2256896K, used 876457K [0x0000000600000000, 0x0000000800000000)
  region size 4096K, 143 young (585728K), 2 survivors (8192K)
 Metaspace       used 196626K, committed 198080K, reserved 1245184K
  class space    used 25491K, committed 26176K, reserved 1048576K
}

Deoptimization events (20 events):
Event: 330.649 Thread 0x000001ad95974070 DEOPT PACKING pc=0x000001ad2a02ab48 sp=0x000000468f5f5790
Event: 330.649 Thread 0x000001ad95974070 DEOPT UNPACKING pc=0x000001ad28cb23a3 sp=0x000000468f5f5728 mode 2
Event: 330.649 Thread 0x000001ad95974070 Uncommon trap: trap_request=0xffffffde fr.pc=0x000001ad2a02ab48 relative=0x00000000000002a8
Event: 330.649 Thread 0x000001ad95974070 Uncommon trap: reason=class_check action=maybe_recompile pc=0x000001ad2a02ab48 method=org.gradle.internal.fingerprint.impl.DefaultFileSystemLocationFingerprint.compareTo(Ljava/lang/Object;)I @ 2 c2
Event: 330.649 Thread 0x000001ad95974070 DEOPT PACKING pc=0x000001ad2a02ab48 sp=0x000000468f5f5770
Event: 330.649 Thread 0x000001ad95974070 DEOPT UNPACKING pc=0x000001ad28cb23a3 sp=0x000000468f5f5708 mode 2
Event: 330.650 Thread 0x000001ad95974070 Uncommon trap: trap_request=0xffffffde fr.pc=0x000001ad2a02ab48 relative=0x00000000000002a8
Event: 330.650 Thread 0x000001ad95974070 Uncommon trap: reason=class_check action=maybe_recompile pc=0x000001ad2a02ab48 method=org.gradle.internal.fingerprint.impl.DefaultFileSystemLocationFingerprint.compareTo(Ljava/lang/Object;)I @ 2 c2
Event: 330.650 Thread 0x000001ad95974070 DEOPT PACKING pc=0x000001ad2a02ab48 sp=0x000000468f5f56b0
Event: 330.650 Thread 0x000001ad95974070 DEOPT UNPACKING pc=0x000001ad28cb23a3 sp=0x000000468f5f5648 mode 2
Event: 330.650 Thread 0x000001ad95974070 Uncommon trap: trap_request=0xffffffde fr.pc=0x000001ad2a02ab48 relative=0x00000000000002a8
Event: 330.650 Thread 0x000001ad95974070 Uncommon trap: reason=class_check action=maybe_recompile pc=0x000001ad2a02ab48 method=org.gradle.internal.fingerprint.impl.DefaultFileSystemLocationFingerprint.compareTo(Ljava/lang/Object;)I @ 2 c2
Event: 330.650 Thread 0x000001ad95974070 DEOPT PACKING pc=0x000001ad2a02ab48 sp=0x000000468f5f5680
Event: 330.650 Thread 0x000001ad95974070 DEOPT UNPACKING pc=0x000001ad28cb23a3 sp=0x000000468f5f5618 mode 2
Event: 330.726 Thread 0x000001ad968fd7a0 Uncommon trap: trap_request=0xffffff45 fr.pc=0x000001ad29bc8cfc relative=0x00000000000000fc
Event: 330.726 Thread 0x000001ad968fd7a0 Uncommon trap: reason=unstable_if action=reinterpret pc=0x000001ad29bc8cfc method=java.util.concurrent.ConcurrentHashMap.sumCount()J @ 41 c2
Event: 330.726 Thread 0x000001ad968fd7a0 DEOPT PACKING pc=0x000001ad29bc8cfc sp=0x0000004695efddb0
Event: 330.726 Thread 0x000001ad968fd7a0 DEOPT UNPACKING pc=0x000001ad28cb23a3 sp=0x0000004695efdd20 mode 2
Event: 331.013 Thread 0x000001ad95974070 DEOPT PACKING pc=0x000001ad19311883 sp=0x000000468f5f9220
Event: 331.013 Thread 0x000001ad95974070 DEOPT UNPACKING pc=0x000001ad28cb2b43 sp=0x000000468f5f8740 mode 0

Classes unloaded (4 events):
Event: 212.118 Thread 0x000001ad4e880dc0 Unloading class 0x000001ad5268d000 '_BuildScript_$_run_closure1$_closure3'
Event: 212.119 Thread 0x000001ad4e880dc0 Unloading class 0x000001ad5268c920 '_BuildScript_$_run_closure1$_closure2'
Event: 212.119 Thread 0x000001ad4e880dc0 Unloading class 0x000001ad5268c538 '_BuildScript_$_run_closure1'
Event: 212.119 Thread 0x000001ad4e880dc0 Unloading class 0x000001ad5268c000 '_BuildScript_'

Classes redefined (0 events):
No events

Internal exceptions (20 events):
Event: 312.997 Thread 0x000001ad95974070 Exception <a 'sun/nio/fs/WindowsException'{0x000000066e7ac670}> (0x000000066e7ac670) 
thrown [s\open\src\hotspot\share\prims\jni.cpp, line 516]
Event: 313.284 Thread 0x000001ad95974070 Exception <a 'sun/nio/fs/WindowsException'{0x000000066dc8bff8}> (0x000000066dc8bff8) 
thrown [s\open\src\hotspot\share\prims\jni.cpp, line 516]
Event: 313.285 Thread 0x000001ad95974070 Exception <a 'sun/nio/fs/WindowsException'{0x000000066dc8dd40}> (0x000000066dc8dd40) 
thrown [s\open\src\hotspot\share\prims\jni.cpp, line 516]
Event: 313.286 Thread 0x000001ad95974070 Exception <a 'sun/nio/fs/WindowsException'{0x000000066dc8fa88}> (0x000000066dc8fa88) 
thrown [s\open\src\hotspot\share\prims\jni.cpp, line 516]
Event: 313.287 Thread 0x000001ad95974070 Exception <a 'sun/nio/fs/WindowsException'{0x000000066dc917b0}> (0x000000066dc917b0) 
thrown [s\open\src\hotspot\share\prims\jni.cpp, line 516]
Event: 314.849 Thread 0x000001ad95974070 Implicit null exception at 0x000001ad2a02515f to 0x000001ad2a025214
Event: 317.644 Thread 0x000001ad95974070 Exception <a 'java/lang/ClassNotFoundException'{0x000000066a9bbd90}: GradleAnnotationProcessorPatchPluginBeanInfo> (0x000000066a9bbd90) 
thrown [s\open\src\hotspot\share\classfile\systemDictionary.cpp, line 256]
Event: 317.647 Thread 0x000001ad95974070 Exception <a 'java/lang/ClassNotFoundException'{0x000000066a9c9bc0}: GradleAnnotationProcessorPatchPluginCustomizer> (0x000000066a9c9bc0) 
thrown [s\open\src\hotspot\share\classfile\systemDictionary.cpp, line 256]
Event: 317.687 Thread 0x000001ad95974070 Exception <a 'java/lang/ClassNotFoundException'{0x000000066aa0a428}: GradleAnnotationProcessorPatchPlugin$AnnotationProcessorModelBuilderBeanInfo> (0x000000066aa0a428) 
thrown [s\open\src\hotspot\share\classfile\systemDictionary.cpp, line 256]
Event: 317.689 Thread 0x000001ad95974070 Exception <a 'java/lang/ClassNotFoundException'{0x000000066aa18438}: GradleAnnotationProcessorPatchPlugin$AnnotationProcessorModelBuilderCustomizer> (0x000000066aa18438) 
thrown [s\open\src\hotspot\share\classfile\systemDictionary.cpp, line 256]
Event: 317.769 Thread 0x000001ad95974070 Exception <a 'java/lang/ClassNotFoundException'{0x000000066ab15238}: org/gradle/tooling/provider/model/internal/DefaultToolingModelBuilderRegistryBeanInfo> (0x000000066ab15238) 
thrown [s\open\src\hotspot\share\classfile\systemDictionary.cpp, line 256]
Event: 317.777 Thread 0x000001ad95974070 Exception <a 'java/lang/ClassNotFoundException'{0x000000066ab30670}: org/gradle/tooling/provider/model/internal/DefaultToolingModelBuilderRegistryCustomizer> (0x000000066ab30670) 
thrown [s\open\src\hotspot\share\classfile\systemDictionary.cpp, line 256]
Event: 325.266 Thread 0x000001ad98f451d0 Exception <a 'sun/nio/fs/WindowsException'{0x00000006693fbb78}> (0x00000006693fbb78) 
thrown [s\open\src\hotspot\share\prims\jni.cpp, line 516]
Event: 325.394 Thread 0x000001ad98f451d0 Exception <a 'sun/nio/fs/WindowsException'{0x00000006693fd688}> (0x00000006693fd688) 
thrown [s\open\src\hotspot\share\prims\jni.cpp, line 516]
Event: 325.394 Thread 0x000001ad98f451d0 Exception <a 'sun/nio/fs/WindowsException'{0x00000006693ff0e8}> (0x00000006693ff0e8) 
thrown [s\open\src\hotspot\share\prims\jni.cpp, line 516]
Event: 325.428 Thread 0x000001ad98f451d0 Exception <a 'sun/nio/fs/WindowsException'{0x0000000668ce4a38}> (0x0000000668ce4a38) 
thrown [s\open\src\hotspot\share\prims\jni.cpp, line 516]
Event: 325.433 Thread 0x000001ad98f451d0 Exception <a 'sun/nio/fs/WindowsException'{0x0000000668cfa7b0}> (0x0000000668cfa7b0) 
thrown [s\open\src\hotspot\share\prims\jni.cpp, line 516]
Event: 325.433 Thread 0x000001ad98f451d0 Exception <a 'sun/nio/fs/WindowsException'{0x0000000668cfc2a8}> (0x0000000668cfc2a8) 
thrown [s\open\src\hotspot\share\prims\jni.cpp, line 516]
Event: 325.434 Thread 0x000001ad98f451d0 Exception <a 'sun/nio/fs/WindowsException'{0x0000000668cfda88}> (0x0000000668cfda88) 
thrown [s\open\src\hotspot\share\prims\jni.cpp, line 516]
Event: 330.726 Thread 0x000001ad968fd7a0 Implicit null exception at 0x000001ad29bc8c8b to 0x000001ad29bc8ce0

VM Operations (20 events):
Event: 321.702 Executing VM operation: Cleanup done
Event: 322.703 Executing VM operation: Cleanup
Event: 322.704 Executing VM operation: Cleanup done
Event: 323.712 Executing VM operation: Cleanup
Event: 323.728 Executing VM operation: Cleanup done
Event: 324.742 Executing VM operation: Cleanup
Event: 324.757 Executing VM operation: Cleanup done
Event: 325.759 Executing VM operation: Cleanup
Event: 325.791 Executing VM operation: Cleanup done
Event: 326.793 Executing VM operation: Cleanup
Event: 326.793 Executing VM operation: Cleanup done
Event: 327.804 Executing VM operation: Cleanup
Event: 327.804 Executing VM operation: Cleanup done
Event: 328.805 Executing VM operation: Cleanup
Event: 328.805 Executing VM operation: Cleanup done
Event: 329.807 Executing VM operation: Cleanup
Event: 329.808 Executing VM operation: Cleanup done
Event: 330.821 Executing VM operation: Cleanup
Event: 330.842 Executing VM operation: Cleanup done
Event: 331.103 Executing VM operation: G1CollectForAllocation

Events (20 events):
Event: 330.270 Thread 0x000001ad9aa6eb20 Thread added: 0x000001ad9aa6eb20
Event: 330.272 Thread 0x000001ad9aa6fa50 Thread added: 0x000001ad9aa6fa50
Event: 330.273 Thread 0x000001ad95976e00 Thread added: 0x000001ad95976e00
Event: 330.274 Thread 0x000001ad95974a90 Thread added: 0x000001ad95974a90
Event: 330.275 Thread 0x000001ad95977310 Thread added: 0x000001ad95977310
Event: 330.276 Thread 0x000001ad95977820 Thread added: 0x000001ad95977820
Event: 330.277 Thread 0x000001ad95974fa0 Thread added: 0x000001ad95974fa0
Event: 330.278 Thread 0x000001ad959754b0 Thread added: 0x000001ad959754b0
Event: 330.693 Thread 0x000001ad968fcd80 Thread added: 0x000001ad968fcd80
Event: 330.694 Thread 0x000001ad968fd7a0 Thread added: 0x000001ad968fd7a0
Event: 330.694 Thread 0x000001ad968fd290 Thread added: 0x000001ad968fd290
Event: 330.695 Thread 0x000001ad968fdcb0 Thread added: 0x000001ad968fdcb0
Event: 330.696 Thread 0x000001ad968fa500 Thread added: 0x000001ad968fa500
Event: 330.696 Thread 0x000001ada79e9a80 Thread added: 0x000001ada79e9a80
Event: 330.700 Thread 0x000001ad968fe1c0 Thread added: 0x000001ad968fe1c0
Event: 330.702 Thread 0x000001ad997c4c70 Thread added: 0x000001ad997c4c70
Event: 330.703 Thread 0x000001ad997c7a00 Thread added: 0x000001ad997c7a00
Event: 330.705 Thread 0x000001ad997c8930 Thread added: 0x000001ad997c8930
Event: 330.706 Thread 0x000001ad97efd640 Thread added: 0x000001ad97efd640
Event: 330.707 Thread 0x000001ad97efe570 Thread added: 0x000001ad97efe570


Dynamic libraries:
0x00007ff647940000 - 0x00007ff647950000 	C:\Program Files\Java\jdk-17\bin\java.exe
0x00007ff9eef00000 - 0x00007ff9ef168000 	C:\WINDOWS\SYSTEM32\ntdll.dll
0x00007ff9ed9e0000 - 0x00007ff9edaa9000 	C:\WINDOWS\System32\KERNEL32.DLL
0x00007ff9ec300000 - 0x00007ff9ec6f2000 	C:\WINDOWS\System32\KERNELBASE.dll
0x00007ff9ec950000 - 0x00007ff9eca9b000 	C:\WINDOWS\System32\ucrtbase.dll
0x00007ff994940000 - 0x00007ff994959000 	C:\Program Files\Java\jdk-17\bin\jli.dll
0x00007ff994780000 - 0x00007ff99479b000 	C:\Program Files\Java\jdk-17\bin\VCRUNTIME140.dll
0x00007ff9edab0000 - 0x00007ff9edb64000 	C:\WINDOWS\System32\ADVAPI32.dll
0x00007ff9ed850000 - 0x00007ff9ed8f9000 	C:\WINDOWS\System32\msvcrt.dll
0x00007ff9ed3c0000 - 0x00007ff9ed466000 	C:\WINDOWS\System32\sechost.dll
0x00007ff9ed490000 - 0x00007ff9ed5a8000 	C:\WINDOWS\System32\RPCRT4.dll
0x00007ff9ed680000 - 0x00007ff9ed845000 	C:\WINDOWS\System32\USER32.dll
0x00007ff9ec880000 - 0x00007ff9ec8a7000 	C:\WINDOWS\System32\win32u.dll
0x00007ff9d38d0000 - 0x00007ff9d3b63000 	C:\WINDOWS\WinSxS\amd64_microsoft.windows.common-controls_6595b64144ccf1df_6.0.26100.6899_none_3e0efeeae32e88c1\COMCTL32.dll
0x00007ff9eed90000 - 0x00007ff9eedbb000 	C:\WINDOWS\System32\GDI32.dll
0x00007ff9ec1d0000 - 0x00007ff9ec2fd000 	C:\WINDOWS\System32\gdi32full.dll
0x00007ff9ec090000 - 0x00007ff9ec133000 	C:\WINDOWS\System32\msvcp_win.dll
0x00007ff9e3180000 - 0x00007ff9e318b000 	C:\WINDOWS\SYSTEM32\VERSION.dll
0x00007ff9ed640000 - 0x00007ff9ed66f000 	C:\WINDOWS\System32\IMM32.DLL
0x00007ff9b0130000 - 0x00007ff9b013c000 	C:\Program Files\Java\jdk-17\bin\vcruntime140_1.dll
0x00007ff98ed70000 - 0x00007ff98edfe000 	C:\Program Files\Java\jdk-17\bin\msvcp140.dll
0x00007ff92cbf0000 - 0x00007ff92d7d0000 	C:\Program Files\Java\jdk-17\bin\server\jvm.dll
0x00007ff9ed900000 - 0x00007ff9ed908000 	C:\WINDOWS\System32\PSAPI.DLL
0x00007ff9b0080000 - 0x00007ff9b008a000 	C:\WINDOWS\SYSTEM32\WSOCK32.dll
0x00007ff9e3140000 - 0x00007ff9e3175000 	C:\WINDOWS\SYSTEM32\WINMM.dll
0x00007ff9ed160000 - 0x00007ff9ed1d4000 	C:\WINDOWS\System32\WS2_32.dll
0x00007ff9eae20000 - 0x00007ff9eae3b000 	C:\WINDOWS\SYSTEM32\kernel.appcore.dll
0x00007ff9ae640000 - 0x00007ff9ae64a000 	C:\Program Files\Java\jdk-17\bin\jimage.dll
0x00007ff9e0040000 - 0x00007ff9e0282000 	C:\WINDOWS\SYSTEM32\DBGHELP.DLL
0x00007ff9edb70000 - 0x00007ff9edeeb000 	C:\WINDOWS\System32\combase.dll
0x00007ff9ed080000 - 0x00007ff9ed157000 	C:\WINDOWS\System32\OLEAUT32.dll
0x00007ff9d2b10000 - 0x00007ff9d2b4c000 	C:\WINDOWS\SYSTEM32\dbgcore.DLL
0x00007ff9ec8b0000 - 0x00007ff9ec948000 	C:\WINDOWS\System32\bcryptPrimitives.dll
0x00007ff9a8450000 - 0x00007ff9a845e000 	C:\Program Files\Java\jdk-17\bin\instrument.dll
0x00007ff98e440000 - 0x00007ff98e465000 	C:\Program Files\Java\jdk-17\bin\java.dll
0x00007ff98c220000 - 0x00007ff98c2f7000 	C:\Program Files\Java\jdk-17\bin\jsvml.dll
0x00007ff9edf00000 - 0x00007ff9ee64d000 	C:\WINDOWS\System32\SHELL32.dll
0x00007ff9ecaa0000 - 0x00007ff9ecc0b000 	C:\WINDOWS\System32\wintypes.dll
0x00007ff9e9ca0000 - 0x00007ff9ea4fd000 	C:\WINDOWS\SYSTEM32\windows.storage.dll
0x00007ff9eedc0000 - 0x00007ff9eeeb2000 	C:\WINDOWS\System32\SHCORE.dll
0x00007ff9ed970000 - 0x00007ff9ed9d2000 	C:\WINDOWS\System32\shlwapi.dll
0x00007ff9ebfb0000 - 0x00007ff9ebfd9000 	C:\WINDOWS\SYSTEM32\profapi.dll
0x00007ff994760000 - 0x00007ff994778000 	C:\Program Files\Java\jdk-17\bin\zip.dll
0x00007ff994710000 - 0x00007ff994729000 	C:\Program Files\Java\jdk-17\bin\net.dll
0x00007ff9e5d00000 - 0x00007ff9e5e1f000 	C:\WINDOWS\SYSTEM32\WINHTTP.dll
0x00007ff9eb370000 - 0x00007ff9eb3db000 	C:\WINDOWS\system32\mswsock.dll
0x00007ff9931b0000 - 0x00007ff9931c6000 	C:\Program Files\Java\jdk-17\bin\nio.dll
0x00007ff9a8370000 - 0x00007ff9a8380000 	C:\Program Files\Java\jdk-17\bin\verify.dll
0x00007ff994c80000 - 0x00007ff994ca7000 	C:\Users\andre\.gradle\native\1def1411415f61bf3af743bc5b6707747c0891f09f0c88961ee8f79bc544acac\windows-amd64\native-platform.dll
0x0000000067040000 - 0x00000000670b3000 	C:\Users\andre\.gradle\native\0.2.5\x86_64-windows-gnu\gradle-fileevents.dll
0x00007ff994e80000 - 0x00007ff994e8a000 	C:\Program Files\Java\jdk-17\bin\management.dll
0x00007ff994930000 - 0x00007ff99493b000 	C:\Program Files\Java\jdk-17\bin\management_ext.dll
0x00007ff9eb750000 - 0x00007ff9eb76b000 	C:\WINDOWS\SYSTEM32\CRYPTSP.dll
0x00007ff9ead80000 - 0x00007ff9eadbb000 	C:\WINDOWS\system32\rsaenh.dll
0x00007ff9eb410000 - 0x00007ff9eb43b000 	C:\WINDOWS\SYSTEM32\USERENV.dll
0x00007ff9ebf80000 - 0x00007ff9ebfa6000 	C:\WINDOWS\SYSTEM32\bcrypt.dll
0x00007ff9eb5b0000 - 0x00007ff9eb5bc000 	C:\WINDOWS\SYSTEM32\CRYPTBASE.dll
0x00007ff9ea870000 - 0x00007ff9ea8a4000 	C:\WINDOWS\SYSTEM32\IPHLPAPI.DLL
0x00007ff9ed630000 - 0x00007ff9ed63a000 	C:\WINDOWS\System32\NSI.dll
0x00007ff9e5ee0000 - 0x00007ff9e5efe000 	C:\WINDOWS\SYSTEM32\dhcpcsvc6.DLL
0x00007ff9e5eb0000 - 0x00007ff9e5ed3000 	C:\WINDOWS\SYSTEM32\dhcpcsvc.DLL
0x00007ff9ea910000 - 0x00007ff9eaa36000 	C:\WINDOWS\SYSTEM32\DNSAPI.dll
0x00007ff9906e0000 - 0x00007ff9906ee000 	C:\Program Files\Java\jdk-17\bin\sunmscapi.dll
0x00007ff9ec700000 - 0x00007ff9ec877000 	C:\WINDOWS\System32\CRYPT32.dll
0x00007ff9eb8a0000 - 0x00007ff9eb8d0000 	C:\WINDOWS\SYSTEM32\ncrypt.dll
0x00007ff9eb850000 - 0x00007ff9eb88f000 	C:\WINDOWS\SYSTEM32\NTASN1.dll
0x00007ff968ff0000 - 0x00007ff968ff8000 	C:\WINDOWS\system32\wshunix.dll
0x0000000066fc0000 - 0x0000000067033000 	C:\Users\andre\AppData\Local\Temp\native-platform9799457556887203457dir\gradle-fileevents.dll
0x00007ff9e4610000 - 0x00007ff9e461b000 	C:\Windows\System32\rasadhlp.dll
0x00007ff9e6010000 - 0x00007ff9e6096000 	C:\WINDOWS\System32\fwpuclnt.dll
0x00007ff9e5680000 - 0x00007ff9e5698000 	C:\WINDOWS\system32\napinsp.dll
0x00007ff9e5360000 - 0x00007ff9e5372000 	C:\WINDOWS\System32\winrnr.dll
0x00007ff97fa60000 - 0x00007ff97fa88000 	C:\WINDOWS\system32\nlansp_c.dll
0x00007ff9e3120000 - 0x00007ff9e3136000 	C:\WINDOWS\system32\wshbth.dll

dbghelp: loaded successfully - version: 4.0.5 - missing functions: none
symbol engine: initialized successfully - sym options: 0x614 - pdb path: .;C:\Program Files\Java\jdk-17\bin;C:\WINDOWS\SYSTEM32;C:\WINDOWS\WinSxS\amd64_microsoft.windows.common-controls_6595b64144ccf1df_6.0.26100.6899_none_3e0efeeae32e88c1;C:\Program Files\Java\jdk-17\bin\server;C:\Users\andre\.gradle\native\1def1411415f61bf3af743bc5b6707747c0891f09f0c88961ee8f79bc544acac\windows-amd64;C:\Users\andre\.gradle\native\0.2.5\x86_64-windows-gnu;C:\Users\andre\AppData\Local\Temp\native-platform9799457556887203457dir

VM Arguments:
jvm_args: --add-opens=java.base/java.lang=ALL-UNNAMED --add-opens=java.base/java.lang.invoke=ALL-UNNAMED --add-opens=java.base/java.util=ALL-UNNAMED --add-opens=java.prefs/java.util.prefs=ALL-UNNAMED --add-exports=jdk.compiler/com.sun.tools.javac.api=ALL-UNNAMED --add-exports=jdk.compiler/com.sun.tools.javac.util=ALL-UNNAMED --add-opens=java.base/java.util=ALL-UNNAMED --add-opens=java.prefs/java.util.prefs=ALL-UNNAMED --add-opens=java.base/java.nio.charset=ALL-UNNAMED --add-opens=java.base/java.net=ALL-UNNAMED --add-opens=java.base/java.util.concurrent.atomic=ALL-UNNAMED --add-opens=java.xml/javax.xml.namespace=ALL-UNNAMED -XX:MaxMetaspaceSize=4G -XX:ReservedCodeCacheSize=512m -XX:+HeapDumpOnOutOfMemoryError -Xmx8G -Dfile.encoding=UTF-8 -Duser.country=CO -Duser.language=es -Duser.variant -javaagent:C:\Users\andre\.gradle\wrapper\dists\gradle-8.12-all\ejduaidbjup3bmmkhw3rie4zb\gradle-8.12\lib\agents\gradle-instrumentation-agent-8.12.jar 
java_command: org.gradle.launcher.daemon.bootstrap.GradleDaemon 8.12
java_class_path (initial): C:\Users\andre\.gradle\wrapper\dists\gradle-8.12-all\ejduaidbjup3bmmkhw3rie4zb\gradle-8.12\lib\gradle-daemon-main-8.12.jar
Launcher Type: SUN_STANDARD

[Global flags]
     intx CICompilerCount                          = 4                                         {product} {ergonomic}
     uint ConcGCThreads                            = 3                                         {product} {ergonomic}
     uint G1ConcRefinementThreads                  = 10                                        {product} {ergonomic}
   size_t G1HeapRegionSize                         = 4194304                                   {product} {ergonomic}
    uintx GCDrainStackTargetSize                   = 64                                        {product} {ergonomic}
     bool HeapDumpOnOutOfMemoryError               = true                                   {manageable} {command line}
   size_t InitialHeapSize                          = 125829120                                 {product} {ergonomic}
   size_t MarkStackSize                            = 4194304                                   {product} {ergonomic}
   size_t MaxHeapSize                              = 8589934592                                {product} {command line}
   size_t MaxMetaspaceSize                         = 4294967296                                {product} {command line}
   size_t MaxNewSize                               = 5150605312                                {product} {ergonomic}
   size_t MinHeapDeltaBytes                        = 4194304                                   {product} {ergonomic}
   size_t MinHeapSize                              = 8388608                                   {product} {ergonomic}
    uintx NonNMethodCodeHeapSize                   = 5839372                                {pd product} {ergonomic}
    uintx NonProfiledCodeHeapSize                  = 265515770                              {pd product} {ergonomic}
    uintx ProfiledCodeHeapSize                     = 265515770                              {pd product} {ergonomic}
    uintx ReservedCodeCacheSize                    = 536870912                              {pd product} {command line}
     bool SegmentedCodeCache                       = true                                      {product} {ergonomic}
   size_t SoftMaxHeapSize                          = 8589934592                             {manageable} {ergonomic}
   double SweeperThreshold                         = 0.234375                                  {product} {ergonomic}
     bool UseCompressedClassPointers               = true                           {product lp64_product} {ergonomic}
     bool UseCompressedOops                        = true                           {product lp64_product} {ergonomic}
     bool UseG1GC                                  = true                                      {product} {ergonomic}
     bool UseLargePagesIndividualAllocation        = false                                  {pd product} {ergonomic}

Logging:
Log output configuration:
 #0: stdout all=warning uptime,level,tags
 #1: stderr all=off uptime,level,tags

Environment Variables:
JAVA_HOME=C:\Program Files\Java\jdk-17
PATH=C:\Users\andre\bin;C:\Program Files\Git\mingw64\bin;C:\Program Files\Git\usr\local\bin;C:\Program Files\Git\usr\bin;C:\Program Files\Git\usr\bin;C:\Program Files\Git\mingw64\bin;C:\Program Files\Git\usr\bin;C:\Users\andre\bin;C:\Program Files\Eclipse Adoptium\jdk-17.0.16.8-hotspot\bin;C:\Program Files\Common Files\Oracle\Java\javapath;C:\WINDOWS\system32;C:\WINDOWS;C:\WINDOWS\System32\Wbem;C:\WINDOWS\System32\WindowsPowerShell\v1.0;C:\WINDOWS\System32\OpenSSH;C:\Program Files\Git\cmd;C:\flutter\bin;C:\Program Files (x86)\Windows Kits\10\Windows Performance Toolkit;C:\platform-tools;C:\Program Files\Java\jdk-17\bin;C:\Program Files\nodejs;C:\Users\andre\AppData\Local\Pub\Cache\bin;C:\Program Files\Docker\Docker\resources\bin;C:\Program Files\Redis;C:\tools\cloudflared;C:\Program Files\PuTTY;C:\Users\andre\AppData\Local\Programs\Python\Python313\Scripts;C:\Users\andre\AppData\Local\Programs\Python\Python313;C:\Users\andre\AppData\Local\Microsoft\WindowsApps;C:\Users\andre\AppData\Local\Programs\Microsoft VS Code\bin;C:\Users\andre\AppData\Roaming\npm;C:\Users\andre\AppData\Local\Pub\Cache\bin;C:\tools\cloudflared;C:\Users\andre\AppData\Local\GitHubDesktop\bin;C:\Program Files\Git\usr\bin\vendor_perl;C:\Program Files\Git\usr\bin\core_perl;C:\Users\andre\AppData\Local\Pub\Cache\bin
USERNAME=andre
SHELL=C:\Program Files\Git\usr\bin\bash.exe
DISPLAY=needs-to-be-defined
LC_CTYPE=es_ES.UTF-8
OS=Windows_NT
PROCESSOR_IDENTIFIER=AMD64 Family 23 Model 104 Stepping 1, AuthenticAMD



---------------  S Y S T E M  ---------------

OS:
 Windows 11 , 64 bit Build 26100 (10.0.26100.6725)
OS uptime: 4 days 1:04 hours
Hyper-V role detected

CPU: total 12 (initial active 12) (12 cores per cpu, 2 threads per core) family 23 model 104 stepping 1 microcode 0x8608107, cx8, cmov, fxsr, ht, mmx, 3dnowpref, sse, sse2, sse3, ssse3, sse4a, sse4.1, sse4.2, popcnt, lzcnt, tsc, tscinvbit, avx, avx2, aes, clmul, bmi1, bmi2, adx, sha, fma, vzeroupper, clflush, clflushopt, hv

Memory: 4k page, system-wide physical 7501M (221M free)
TotalPageFile size 30021M (AvailPageFile size 237M)
current process WorkingSet (physical memory assigned to process): 531M, peak: 1029M
current process commit charge ("private bytes"): 2792M, peak: 3320M

vm_info: Java HotSpot(TM) 64-Bit Server VM (17.0.12+8-LTS-286) for windows-amd64 JRE (17.0.12+8-LTS-286), built on Jun  5 2024 06:46:59 by "mach5one" with MS VC++ 17.6 (VS2022)

END.
